v_videoId,v_videoFile,v_videoDutation,v_videoPlatform,v_videoViews,v_videoLanguage,v_videoCost,v_videoRegionId,v_videoDemographicId,v_videoProjectId
1,EratVestibulumSed.avi,171,phone,316751,Zulu,5967,4,15,24
2,Augue.avi,171,computer,950075,Indonesian,5555,3,3,291
3,MaecenasRhoncus.avi,107,computer,700343,Marathi,2282,3,6,60
4,OdioElementumEu.doc,159,television,586001,Dari,4851,1,15,59
5,Ut.mp3,258,television,296729,Oriya,3719,1,9,91
6,AmetSapien.jpeg,180,computer,42339,Khmer,4568,3,2,272
7,Molestie.avi,110,phone,775533,Czech,2748,3,3,41
8,TellusNisiEu.tiff,269,computer,451656,Zulu,4945,4,15,240
9,Cubilia.avi,149,television,983755,Dhivehi,3848,4,14,30
10,OdioIn.avi,125,computer,352753,Albanian,1174,1,13,167
11,Vivamus.xls,163,phone,372555,Korean,1934,3,6,295
12,Maecenas.avi,231,phone,545208,Persian,3822,1,13,294
13,NullaNunc.xls,78,phone,526469,Zulu,994,4,1,50
14,Odio.tiff,104,television,343507,Burmese,2556,1,6,126
15,Justo.mp3,77,computer,441983,Persian,3131,4,9,2
16,Faucibus.tiff,106,computer,209632,Dzongkha,4083,5,11,69
17,TurpisAdipiscing.ppt,110,phone,295395,Assamese,2129,2,14,266
18,SedAnte.mpeg,137,computer,372311,Mongolian,4611,5,9,51
19,Justo.mpeg,49,television,758338,Greek,5890,1,4,254
20,Nisi.jpeg,177,television,735285,Romanian,5887,5,1,294
21,UtTellusNulla.png,168,television,512965,Malayalam,5858,4,9,90
22,TellusSemperInterdum.txt,121,phone,193616,Latvian,2093,4,1,39
23,TempusSemperEst.mp3,31,television,280479,Indonesian,2812,2,2,286
24,InHac.mov,207,television,456298,Kashmiri,1397,2,13,64
25,NislAeneanLectus.jpeg,136,phone,102945,Swedish,3826,1,13,278
26,LaciniaSapien.xls,100,phone,278315,Dzongkha,2071,4,8,279
27,UtMaurisEget.xls,52,television,66069,Sotho,2706,5,15,265
28,IdLobortis.avi,162,computer,452206,Dutch,4936,2,11,34
29,PedeLiberoQuis.avi,70,computer,491588,Macedonian,4238,1,3,26
30,NuncPurusPhasellus.mp3,32,computer,594572,Greek,5877,4,1,110
31,AmetDiamIn.tiff,65,television,710551,Gujarati,2650,5,1,268
32,InBlanditUltrices.jpeg,116,computer,135357,Estonian,5546,5,4,184
33,Ultrices.mpeg,63,phone,948826,Kashmiri,5206,1,14,4
34,VenenatisNon.mp3,38,phone,185793,Nepali,1913,4,2,92
35,Molestie.pdf,299,phone,434367,Danish,737,1,14,138
36,MontesNasceturRidiculus.xls,180,computer,766909,Hebrew,3990,5,10,201
37,Ipsum.jpeg,127,phone,684088,Tsonga,3124,4,3,65
38,MaecenasLeo.pdf,33,phone,333923,Albanian,4961,3,14,247
39,Quam.avi,31,phone,408010,Macedonian,2137,2,7,219
40,Suspendisse.xls,108,phone,684738,Nepali,5990,2,15,141
41,UllamcorperPurus.tiff,266,television,624846,Bislama,1079,4,5,27
42,OrciLuctus.tiff,161,television,680612,Icelandic,2861,5,7,206
43,PurusSit.pdf,268,phone,157516,Gagauz,5377,4,12,159
44,PulvinarNulla.mp3,256,computer,308967,Tajik,3375,2,4,280
45,InterdumVenenatis.xls,272,television,434246,Aymara,5712,1,4,105
46,PlaceratAnte.tiff,89,television,999004,Bengali,1984,2,4,167
47,Et.ppt,112,computer,779109,Persian,3103,3,13,147
48,EleifendQuam.xls,144,phone,164031,English,1354,1,6,110
49,Varius.ppt,187,computer,765510,Gagauz,1793,4,2,120
50,MetusSapienUt.mp3,95,phone,84712,Thai,3243,5,15,224
51,EratNullaTempus.mp3,172,computer,498597,Nepali,1667,5,1,69
52,Scelerisque.xls,153,computer,931779,Thai,3355,2,13,148
53,Elementum.mp3,180,computer,539797,Tsonga,718,4,14,120
54,Justo.gif,103,computer,479375,Greek,986,4,10,81
55,LoremIpsumDolor.doc,172,television,960619,English,3818,1,15,145
56,IpsumAliquam.mp3,240,computer,919155,Lithuanian,2417,5,9,20
57,LigulaSit.ppt,30,phone,776084,Polish,1189,2,2,132
58,TurpisElementum.txt,37,television,246764,Hiri Motu,1159,4,1,46
59,A.mov,60,computer,472066,Oriya,2839,5,4,175
60,MaurisSit.mp3,275,phone,896417,Punjabi,4540,2,14,131
61,Quisque.doc,35,phone,178274,Czech,4026,3,11,112
62,SedJusto.gif,83,television,17040,Dzongkha,1426,3,4,153
63,ConsectetuerAdipiscingElit.doc,97,television,769333,Malagasy,4395,2,3,211
64,AliquamErat.png,222,computer,321964,Montenegrin,4087,3,4,138
65,HabitassePlatea.xls,73,television,788846,Armenian,2139,4,14,127
66,In.mpeg,214,phone,187909,Italian,5638,5,12,131
67,SedAugue.png,155,phone,426216,Danish,2065,2,4,150
68,ArcuAdipiscing.jpeg,86,computer,674007,Icelandic,3446,2,7,272
69,InHac.tiff,74,phone,506013,Malay,5715,3,7,138
70,VehiculaCondimentumCurabitur.avi,31,television,874974,Macedonian,1306,3,13,175
71,VestibulumSagittisSapien.xls,279,computer,969123,Belarusian,1593,3,14,170
72,PhasellusId.avi,38,phone,743271,Kazakh,4402,4,14,220
73,Varius.tiff,152,computer,358597,Tsonga,3224,1,6,299
74,ImperdietNullam.jpeg,268,television,152823,Sotho,5299,1,6,157
75,OrciEgetOrci.gif,288,computer,827774,Dari,1599,1,3,78
76,SagittisSapien.avi,128,phone,499647,Telugu,1716,4,2,98
77,NatoquePenatibusEt.tiff,102,television,201571,Belarusian,4609,1,4,185
78,IdSapienIn.avi,157,television,532208,Bengali,4798,2,7,110
79,Id.doc,217,phone,563294,Malayalam,4774,1,9,143
80,NullaEget.ppt,284,phone,679225,Swahili,2325,2,12,191
81,ConvallisMorbiOdio.xls,83,computer,31759,Dari,3765,2,5,166
82,Turpis.ppt,184,phone,828251,Lao,5381,1,8,30
83,Sapien.gif,208,television,548320,Nepali,1135,5,9,154
84,Odio.mp3,262,phone,963052,Tok Pisin,5972,2,8,83
85,DiamNeque.jpeg,293,computer,290023,Punjabi,3982,5,14,85
86,ConsectetuerAdipiscingElit.xls,238,computer,573669,Kannada,846,2,13,79
87,LaciniaAeneanSit.tiff,231,phone,443603,Telugu,4205,2,4,136
88,CommodoVulputate.avi,77,computer,649306,Dari,4212,4,9,145
89,Tellus.tiff,286,computer,91418,Dari,3944,4,9,24
90,Orci.xls,228,phone,988395,Albanian,4767,1,2,262
91,FacilisiCrasNon.xls,107,computer,394443,Tsonga,4675,4,10,244
92,SodalesSed.tiff,88,television,976851,Montenegrin,3413,5,5,297
93,LectusAliquamSit.xls,216,television,136679,German,733,4,2,229
94,ProinInterdumMauris.png,36,computer,847688,Spanish,3605,2,8,234
95,AmetDiam.jpeg,155,television,392795,Telugu,5438,2,2,163
96,JustoEuMassa.tiff,278,computer,192977,Czech,3422,1,8,214
97,QuisLibero.png,89,television,592912,Ndebele,1081,3,1,59
98,Ac.doc,229,television,185244,Tajik,5103,3,10,57
99,Vestibulum.mpeg,274,television,429110,Marathi,5790,5,11,289
100,CumSociisNatoque.jpeg,268,computer,856102,Montenegrin,1269,5,4,235
101,Maecenas.avi,86,computer,218166,Japanese,3043,2,7,49
102,FelisSedInterdum.gif,131,computer,578914,Polish,1289,5,5,128
103,SapienVariusUt.avi,40,phone,627169,Dutch,4961,1,15,118
104,VolutpatQuamPede.tiff,100,phone,65906,Somali,4276,2,5,215
105,AmetConsectetuer.mp3,217,phone,156850,Maltese,5985,2,1,145
106,AcEstLacinia.tiff,105,television,755560,Korean,590,4,11,61
107,Sapien.xls,128,phone,366170,Greek,2762,3,8,143
108,TellusNullaUt.tiff,276,phone,696454,Swahili,3333,1,11,255
109,Natoque.avi,196,computer,306646,Polish,3762,3,8,108
110,Mi.jpeg,199,television,30146,Indonesian,1723,5,1,224
111,Non.avi,77,computer,46120,Khmer,3179,2,1,140
112,EstEtTempus.xls,278,computer,243959,Japanese,3015,4,14,230
113,TurpisAPede.mpeg,141,television,927527,Punjabi,1591,4,7,141
114,QuisOrci.avi,273,phone,674132,Macedonian,1141,1,9,165
115,AcEst.mp3,48,television,620293,German,3509,5,3,123
116,TempusVivamus.xls,34,phone,506774,Pashto,4103,1,3,250
117,Orci.avi,142,phone,733358,West Frisian,2252,5,1,239
118,Imperdiet.txt,297,television,590593,Punjabi,3529,4,12,11
119,Fusce.mp3,202,phone,101511,Tetum,5831,5,11,56
120,Est.doc,126,television,442964,Catalan,1053,3,14,32
121,PhasellusSitAmet.mp3,239,computer,946203,Czech,4546,3,12,16
122,Augue.xls,72,phone,176682,Papiamento,3197,1,9,223
123,Bibendum.xls,270,television,188568,Hungarian,566,4,15,222
124,LectusAliquamSit.xls,240,television,503391,Dutch,4124,2,1,41
125,NonLigula.ppt,199,computer,888223,Swati,4217,4,10,109
126,Cras.avi,52,computer,341682,Czech,2975,1,1,60
127,Sed.doc,127,phone,436196,Finnish,584,1,2,17
128,IntegerNon.ppt,202,computer,803060,Dutch,3395,1,9,85
129,NullaEget.xls,157,phone,30144,Bengali,1045,4,5,201
130,LoremIpsum.png,144,television,272302,Amharic,4421,2,15,234
131,Eleifend.xls,99,computer,329747,Yiddish,5833,4,11,153
132,Diam.xls,190,computer,194151,Tamil,3404,4,3,54
133,Nunc.txt,50,television,758899,Azeri,5069,1,15,248
134,ALiberoNam.mp3,247,computer,203398,Luxembourgish,5411,1,8,283
135,ElementumEuInterdum.pdf,68,computer,357421,Papiamento,859,4,11,97
136,EuNibh.tiff,142,television,839093,Dari,4387,4,13,154
137,TurpisElementum.tiff,154,computer,755625,Kannada,5539,1,15,257
138,UtNuncVestibulum.xls,168,computer,626961,Burmese,3544,1,9,256
139,Posuere.mov,214,television,991690,Moldovan,2537,4,2,279
140,CongueElementum.mp3,150,computer,444715,Spanish,3208,4,1,69
141,JustoSollicitudin.txt,31,computer,103748,Malayalam,4528,1,2,275
142,ElementumEuInterdum.tiff,219,television,403242,Gagauz,5318,3,3,242
143,AcEnim.xls,127,phone,330485,Albanian,787,1,7,159
144,Sapien.mp3,254,phone,768415,Lithuanian,2979,2,14,161
145,VelNullaEget.mp3,117,phone,891641,Georgian,664,4,1,111
146,EleifendDonecUt.mp3,133,phone,165619,Armenian,2634,5,14,178
147,Pellentesque.png,204,phone,575620,Malagasy,5707,3,10,209
148,QuisqueEratEros.mp3,242,phone,571650,Hiri Motu,3054,5,2,34
149,EgetCongue.pdf,238,computer,497706,Dhivehi,4271,2,3,65
150,RisusAuctorSed.doc,167,phone,206673,Swedish,3417,3,11,233
151,IntegerAc.gif,32,phone,342838,Korean,778,3,8,25
152,VariusNulla.xls,174,phone,389903,Oriya,4955,4,8,273
153,In.mp3,34,phone,152661,Ndebele,2883,1,5,165
154,TristiqueTortorEu.tiff,104,computer,964517,German,5087,3,1,174
155,MorbiAIpsum.jpeg,42,phone,320951,Filipino,2948,3,2,155
156,PretiumQuis.tiff,31,phone,815465,Azeri,2557,1,7,13
157,NullaUltricesAliquet.ppt,113,phone,410800,Hebrew,2027,4,13,4
158,DictumstEtiamFaucibus.mp3,119,television,596189,Nepali,2437,2,7,11
159,Faucibus.ppt,132,television,758429,Gujarati,2813,5,3,262
160,Sapien.mpeg,236,phone,356337,Korean,1830,2,6,273
161,SapienArcuSed.tiff,150,television,691529,Irish Gaelic,2229,5,13,79
162,DonecQuisOrci.xls,249,phone,252418,Hebrew,1765,3,2,9
163,AliquamQuis.gif,57,phone,353283,Korean,1809,1,6,270
164,VenenatisLaciniaAenean.png,269,television,312160,Pashto,3342,5,5,143
165,Scelerisque.jpeg,30,computer,516616,Romanian,3025,5,11,131
166,DuiVelNisl.ppt,167,computer,508249,Afrikaans,1415,5,8,171
167,PlateaDictumst.xls,237,television,797143,Japanese,3594,5,12,52
168,Nibh.mov,171,television,604961,Armenian,714,1,11,233
169,VulputateLuctusCum.txt,265,television,524203,Māori,4293,4,14,50
170,RhoncusSed.avi,244,television,671395,Tswana,1380,3,10,186
171,NonVelit.png,162,television,24206,Macedonian,1192,5,7,186
172,PellentesqueEget.xls,276,television,903230,Armenian,1761,2,1,300
173,Id.gif,149,television,976589,Kashmiri,1830,3,2,87
174,Nec.ppt,224,television,490725,Yiddish,1244,5,14,286
175,EuPede.jpeg,149,phone,205716,Luxembourgish,3847,3,13,166
176,SedVel.ppt,214,television,72227,Swahili,2614,2,1,133
177,Magna.jpeg,167,television,824081,Norwegian,1719,4,8,152
178,QuamSuspendissePotenti.mp3,235,computer,983053,Māori,679,3,5,121
179,NequeVestibulum.ppt,106,phone,837041,Sotho,1052,3,6,34
180,QuisqueEratEros.ppt,88,phone,721333,Bulgarian,5272,5,12,68
181,VariusUt.xls,52,phone,249669,Nepali,2722,2,5,144
182,Dis.tiff,248,phone,413351,Swedish,2201,1,8,128
183,PretiumIaculis.mp3,296,television,950424,Yiddish,4422,4,11,275
184,Sit.jpeg,73,phone,579831,Burmese,3710,3,12,203
185,SemFusce.pdf,127,television,299419,Malayalam,4579,3,15,33
186,EstEtTempus.mp3,83,computer,492384,Haitian Creole,2204,3,6,112
187,Libero.mp3,210,television,498260,Kashmiri,885,3,7,122
188,MolestieHendreritAt.xls,88,television,513573,Yiddish,5958,5,15,222
189,SapienNonMi.ppt,241,phone,131011,Estonian,5789,2,10,40
190,Montes.avi,140,phone,848528,Finnish,1522,4,10,271
191,VitaeQuam.tiff,281,television,708754,Chinese,1537,3,9,266
192,IntegerAc.avi,104,phone,840941,Papiamento,829,3,14,215
193,NequeAeneanAuctor.jpeg,32,television,857053,Albanian,1474,2,3,236
194,Donec.jpeg,208,television,141139,Ndebele,2629,5,8,249
195,VivamusTortor.mp3,276,computer,788218,Montenegrin,1832,2,4,257
196,Blandit.mov,125,computer,795354,Moldovan,1138,1,10,232
197,Duis.xls,290,phone,407817,Kannada,5941,4,2,251
198,Turpis.avi,106,television,501654,New Zealand Sign Language,5650,5,14,32
199,EgetVulputateUt.ppt,151,computer,595890,Fijian,2678,4,5,187
200,RutrumAc.ppt,273,phone,411623,Korean,1671,2,5,255
201,Porta.xls,211,computer,345700,French,2160,2,4,230
202,Vestibulum.mp3,171,television,823426,Armenian,896,4,13,188
203,EnimInTempor.gif,146,computer,81379,German,4742,2,15,197
204,NonSodalesSed.mp3,213,phone,175232,Hungarian,5313,2,9,124
205,Vitae.png,239,phone,400911,German,5212,2,9,239
206,TinciduntEuFelis.tiff,104,computer,286494,Estonian,5131,2,14,31
207,Donec.doc,137,television,71884,Armenian,5369,2,6,267
208,VolutpatDuiMaecenas.ppt,137,phone,530012,Marathi,3237,4,10,23
209,Elementum.tiff,298,phone,511722,Irish Gaelic,2315,1,1,80
210,At.mpeg,230,phone,28675,Yiddish,3469,3,15,78
211,SapienArcu.mp3,177,phone,608388,Tsonga,3905,5,4,203
212,ScelerisqueQuamTurpis.xls,292,phone,168462,Quechua,1129,4,1,291
213,ElitAc.avi,256,television,267223,Macedonian,4863,4,11,6
214,IpsumPrimis.pdf,156,phone,853870,Chinese,5502,1,12,81
215,Interdum.xls,36,television,11874,Tajik,1274,4,14,262
216,LiberoRutrumAc.png,193,television,995833,Oriya,3792,2,2,178
217,MaecenasLeoOdio.pdf,271,television,242231,Tok Pisin,5632,2,3,205
218,DisParturientMontes.jpeg,300,computer,964516,Māori,4999,5,11,111
219,VelitIdPretium.jpeg,195,phone,563898,Zulu,4088,2,1,9
220,FaucibusOrci.mov,114,television,828812,Assamese,1737,3,1,91
221,EuInterdum.tiff,84,phone,98760,Georgian,5073,4,1,263
222,Eleifend.doc,75,computer,338705,Kurdish,2000,2,2,272
223,Justo.ppt,117,phone,679898,Swati,1544,1,10,32
224,Velit.mp3,68,phone,944610,Georgian,1525,5,1,248
225,HabitassePlatea.jpeg,45,phone,434800,Telugu,3092,5,5,161
226,Ut.png,222,computer,883331,West Frisian,926,5,14,88
227,Vestibulum.ppt,177,phone,306030,Swedish,841,3,4,60
228,OdioPorttitor.tiff,170,computer,440259,Latvian,2051,5,7,253
229,Nunc.ppt,64,phone,191793,Belarusian,2976,1,9,297
230,VivamusIn.xls,215,phone,694349,Aymara,577,2,2,38
231,VitaeIpsumAliquam.avi,117,phone,325546,Swedish,659,4,5,125
232,EstLacinia.xls,117,computer,212526,Burmese,3330,3,10,100
233,InImperdietEt.jpeg,67,computer,888397,Māori,5890,1,13,64
234,FacilisiCrasNon.mpeg,136,phone,525867,Georgian,1251,5,1,46
235,InSagittis.png,83,television,856379,Georgian,3881,1,1,95
236,EstPhasellus.xls,107,computer,466424,Arabic,1078,1,1,75
237,AcEst.mp3,273,computer,77799,Filipino,1288,3,9,70
238,JustoLaciniaEget.jpeg,179,television,432000,Dari,4238,2,14,28
239,DiamNamTristique.xls,35,phone,810076,Kashmiri,720,1,4,202
240,PretiumQuisLectus.mp3,91,computer,192892,Tajik,1235,5,15,18
241,OrciLuctusEt.tiff,96,computer,943082,Assamese,3663,5,13,203
242,MiNullaAc.doc,239,television,21572,Aymara,4424,2,7,202
243,RutrumAt.avi,274,computer,915909,Swahili,1724,1,3,239
244,Nec.tiff,262,television,313735,Polish,5975,1,9,239
245,PretiumNisl.png,53,computer,810947,Macedonian,4667,3,15,209
246,Mauris.pdf,138,computer,22062,Greek,1672,2,15,295
247,VestibulumProinEu.mp3,252,television,823181,New Zealand Sign Language,766,1,10,268
248,DictumstMaecenas.avi,45,phone,702615,Luxembourgish,5125,4,3,65
249,VivamusVel.xls,129,computer,953182,Dhivehi,3771,3,3,272
250,AliquetMaecenasLeo.tiff,85,television,509291,Lao,5411,5,5,18
251,Vel.ppt,144,computer,833520,Persian,4080,1,12,239
252,Eget.xls,255,phone,557106,Telugu,5957,1,2,205
253,TurpisDonec.xls,122,phone,56692,New Zealand Sign Language,1037,5,8,292
254,SodalesSed.doc,145,phone,94854,Yiddish,5915,3,11,209
255,NisiEu.pdf,130,phone,262162,Bengali,5075,2,14,1
256,Etiam.ppt,286,computer,327398,Malay,3592,3,14,87
257,DolorSit.pdf,38,television,804133,Papiamento,2851,5,12,202
258,JustoInHac.mov,80,television,769106,Dutch,1637,2,11,222
259,CubiliaCuraeDuis.tiff,189,television,474300,Armenian,5003,5,14,80
260,Ipsum.mp3,286,television,613656,Dhivehi,4474,1,11,222
261,ElementumPellentesque.ppt,66,television,927290,Nepali,5970,4,4,130
262,Et.png,163,phone,266042,Arabic,5671,5,2,83
263,Est.doc,69,television,576078,Czech,4746,2,7,133
264,UltricesErat.tiff,297,phone,956997,West Frisian,1170,5,3,198
265,NullaMollis.tiff,33,phone,899838,Somali,5699,2,13,199
266,Luctus.mp3,164,television,510178,Tetum,4250,3,13,73
267,Orci.avi,252,phone,275518,English,5798,3,15,19
268,Donec.txt,140,computer,764214,Haitian Creole,5554,5,9,181
269,Leo.tiff,157,television,701579,Finnish,2561,4,11,42
270,Donec.mp3,178,phone,426922,Khmer,1580,1,8,51
271,OdioJustoSollicitudin.jpeg,201,computer,508977,Bulgarian,3995,5,13,269
272,VitaeMattis.avi,150,computer,949023,Moldovan,4561,3,13,46
273,EtiamVelAugue.avi,210,computer,297687,Macedonian,4871,1,10,283
274,In.jpeg,106,television,227887,Gagauz,2831,5,6,159
275,ElitProinInterdum.xls,249,television,393745,Kurdish,2788,3,13,257
276,NislNunc.xls,170,computer,360916,Yiddish,540,3,1,95
277,EleifendDonecUt.ppt,200,computer,951606,Tok Pisin,2474,3,7,62
278,Odio.ppt,254,phone,413376,Thai,5161,1,14,168
279,Vivamus.avi,238,television,781081,Bulgarian,980,1,8,5
280,Libero.xls,108,computer,592343,Kyrgyz,4629,3,13,123
281,PlaceratAnte.avi,277,television,578025,Mongolian,2236,4,3,226
282,TurpisSedAnte.mpeg,118,computer,94117,French,5006,5,9,147
283,Non.gif,82,phone,332343,New Zealand Sign Language,2261,3,3,76
284,ErosElementum.ppt,134,phone,976960,Lao,4762,3,12,69
285,Vitae.avi,290,computer,202926,Latvian,3882,5,13,174
286,SemPraesentId.mp3,217,computer,145699,Yiddish,1660,1,1,44
287,Odio.avi,118,phone,409605,Kashmiri,710,1,13,180
288,SollicitudinVitaeConsectetuer.mp3,135,phone,751385,Hiri Motu,5662,4,6,131
289,Vivamus.mov,89,computer,648915,Azeri,5094,4,5,34
290,Condimentum.ppt,217,computer,519885,Dari,4486,5,9,27
291,UrnaPretium.avi,143,phone,164906,Spanish,5889,5,5,284
292,Nisl.mpeg,70,phone,911301,Chinese,1071,5,6,274
293,MaurisViverra.xls,219,phone,534249,Guaraní,5225,2,5,218
294,Aenean.jpeg,178,computer,886960,Hindi,2979,1,3,67
295,AcTellus.mpeg,42,phone,155830,Tajik,3360,3,4,50
296,FelisDonec.tiff,86,phone,84723,Japanese,1493,2,8,40
297,PellentesqueUltrices.ppt,113,television,668278,Kazakh,1576,5,15,29
298,UltricesPosuereCubilia.avi,75,computer,15719,Amharic,5648,3,12,34
299,Ut.jpeg,109,computer,177908,Nepali,617,2,2,33
300,Nisi.pdf,110,computer,462546,Hiri Motu,3980,1,14,78
301,Ut.xls,192,phone,154954,Punjabi,4645,4,4,204
302,Amet.mp3,94,television,750466,Somali,2519,4,15,231
303,Nec.txt,173,television,396871,Dzongkha,4586,5,7,204
304,NequeDuis.mp3,133,phone,464983,Swati,5253,1,8,113
305,QuisqueArcu.mov,259,phone,502149,Oriya,2239,3,13,47
306,PharetraMagna.gif,108,computer,690821,Hiri Motu,3607,4,11,218
307,Id.xls,55,phone,240221,Kannada,2696,1,15,237
308,TurpisSedAnte.jpeg,244,phone,292998,Burmese,755,1,10,251
309,PurusSit.ppt,237,phone,625434,Kannada,2906,3,12,19
310,ViverraPedeAc.avi,251,phone,487727,Yiddish,5003,1,2,261
311,EratVolutpatIn.mp3,105,computer,299166,Māori,3559,2,14,75
312,Ac.mov,96,television,136717,Tetum,3133,4,5,244
313,Integer.avi,275,computer,883465,Portuguese,3413,5,5,21
314,Interdum.avi,39,phone,586904,Filipino,4304,4,2,221
315,AliquetAt.txt,128,television,148906,Azeri,2913,4,10,185
316,TempusSit.ppt,115,phone,442881,Montenegrin,1815,1,8,40
317,MaecenasLeo.avi,128,phone,415791,Kurdish,2140,3,11,107
318,Proin.ppt,250,phone,451308,Telugu,2457,5,11,122
319,UtMassa.ppt,102,television,324961,West Frisian,5189,1,6,179
320,UtRhoncus.png,99,television,16204,Northern Sotho,1987,2,5,17
321,Cras.xls,159,computer,895078,Catalan,3444,1,4,44
322,VulputateLuctusCum.avi,91,phone,338262,Telugu,5798,1,5,30
323,NisiEuOrci.avi,138,phone,329300,Spanish,2131,1,15,134
324,AdipiscingElit.xls,104,computer,748251,Greek,3338,1,11,181
325,DiamNamTristique.ppt,264,phone,674816,Amharic,5736,1,1,281
326,In.xls,179,computer,131518,Sotho,1540,2,4,10
327,Nulla.mp3,296,computer,803488,Somali,3517,4,5,154
328,SedAugueAliquam.ppt,195,computer,308186,Persian,2313,2,3,298
329,Odio.txt,255,computer,674021,Swahili,3690,2,3,114
330,Dictumst.ppt,132,television,359532,Kashmiri,2401,4,8,13
331,FelisSedLacus.avi,34,television,413435,Montenegrin,1849,5,9,183
332,PurusAliquet.xls,134,phone,830791,Marathi,2874,4,14,157
333,Orci.doc,193,television,299373,Luxembourgish,5586,3,3,118
334,Dolor.xls,132,phone,851209,Punjabi,3509,5,15,149
335,NonLigulaPellentesque.doc,281,phone,308641,Azeri,3586,5,15,280
336,EleifendDonecUt.avi,121,television,613579,Moldovan,1612,2,3,85
337,NonVelit.ppt,149,phone,431822,West Frisian,3566,4,15,141
338,RhoncusAliquam.pdf,152,television,68115,Quechua,5896,4,12,208
339,MagnisDisParturient.pdf,200,phone,725276,Yiddish,3110,3,12,182
340,DuiVelNisl.gif,104,television,628717,Quechua,1647,2,6,119
341,TurpisEgetElit.xls,254,computer,234274,Luxembourgish,2643,3,12,164
342,Mauris.jpeg,56,computer,886903,Catalan,2942,1,6,120
343,In.jpeg,182,computer,59249,Kurdish,788,2,4,227
344,VivamusVel.xls,232,computer,728386,Montenegrin,4837,2,6,45
345,Molestie.gif,108,television,862825,Kyrgyz,2615,3,8,266
346,NullaSuscipitLigula.gif,81,computer,295250,Georgian,3922,4,11,16
347,EratQuisqueErat.ppt,264,computer,813763,Somali,3095,1,6,67
348,AmetLobortisSapien.doc,226,computer,552710,Oriya,5798,5,8,63
349,PenatibusEt.tiff,95,phone,48070,Kazakh,1925,3,13,192
350,IpsumAc.tiff,77,phone,17380,Korean,4981,1,5,128
351,MattisNibhLigula.mov,239,television,245471,Dari,1873,3,4,82
352,Nec.jpeg,63,phone,740824,Tamil,5341,1,13,150
353,Sed.ppt,204,phone,12801,Belarusian,3288,5,6,10
354,VariusInteger.png,300,computer,632833,Burmese,4282,4,5,89
355,Luctus.mp3,295,computer,360182,Guaraní,4503,3,5,232
356,InCongue.xls,140,television,118268,Aymara,1182,5,9,218
357,Ultrices.tiff,156,computer,422307,Yiddish,671,4,9,20
358,Curae.doc,76,computer,649581,Dhivehi,3097,3,6,22
359,InTemporTurpis.gif,244,television,241579,Aymara,3313,2,7,216
360,Commodo.xls,120,phone,993173,Chinese,2076,2,8,12
361,Pede.xls,73,computer,279751,Azeri,3309,3,8,24
362,QuamSuspendissePotenti.jpeg,115,phone,714906,Papiamento,1358,1,7,101
363,SemPraesentId.mp3,177,computer,971138,Ndebele,4412,4,15,116
364,VelIpsum.mp3,144,phone,816515,Yiddish,2921,4,11,164
365,LaciniaEget.xls,176,phone,290612,Korean,2940,2,7,36
366,VenenatisLaciniaAenean.xls,159,television,593013,Portuguese,810,1,13,221
367,UtMassaVolutpat.mpeg,56,computer,512130,Punjabi,3208,3,10,211
368,IntegerNon.tiff,117,computer,998925,Haitian Creole,3027,2,12,299
369,InFaucibus.avi,74,television,142314,Telugu,3994,3,13,92
370,Turpis.avi,246,television,547313,English,1764,5,11,241
371,TempusVivamus.ppt,130,phone,436220,Gujarati,2561,5,7,148
372,OdioIn.xls,218,computer,42334,Assamese,2740,4,9,276
373,DictumstEtiam.pdf,296,computer,884798,Assamese,4907,2,8,94
374,IpsumPrimisIn.txt,244,television,878112,Maltese,4617,1,2,281
375,Odio.avi,135,television,678141,Icelandic,5215,3,5,4
376,AcEstLacinia.mp3,78,phone,552348,Somali,743,4,3,22
377,MaecenasUtMassa.mp3,134,phone,974582,Bosnian,705,1,5,105
378,At.png,274,phone,402102,Zulu,4096,5,13,19
379,ConvallisDuis.xls,186,phone,179392,Bislama,4650,2,1,96
380,NisiVolutpatEleifend.mp3,282,television,832308,Zulu,546,2,6,62
381,Convallis.jpeg,130,television,11540,Dutch,5295,2,12,24
382,VehiculaCondimentum.ppt,123,phone,171347,Tamil,2639,1,12,289
383,PorttitorLacusAt.png,79,computer,677130,Belarusian,892,4,10,255
384,PellentesqueUltricesMattis.txt,267,television,356029,Spanish,4675,5,2,26
385,NislNunc.ppt,169,phone,877057,Persian,834,5,6,224
386,Etiam.jpeg,235,computer,410906,Portuguese,5543,2,13,113
387,Magnis.xls,146,phone,603603,Tetum,5232,1,1,165
388,AnteIpsumPrimis.mov,37,computer,620720,Assamese,2216,4,7,288
389,EnimSitAmet.ppt,95,phone,999058,Māori,2332,3,1,97
390,Nec.xls,174,phone,220497,Kannada,1747,1,6,242
391,Nullam.ppt,296,computer,554893,Afrikaans,3261,5,2,101
392,LigulaIn.avi,204,phone,164550,Nepali,985,5,4,253
393,RutrumAc.xls,286,phone,117148,Guaraní,3114,4,8,227
394,Tristique.txt,193,phone,756459,Malayalam,5241,1,4,164
395,LobortisVelDapibus.mpeg,87,phone,142536,Latvian,2777,2,12,62
396,SemperInterdum.mp3,243,television,793885,Moldovan,4218,2,12,142
397,In.ppt,87,phone,193053,Albanian,3986,4,7,196
398,Lacinia.ppt,70,television,552841,Lithuanian,3092,4,12,95
399,Curae.xls,123,phone,229415,Lao,5399,5,5,115
400,Vel.jpeg,270,phone,137102,Punjabi,5875,3,15,220
401,PrimisIn.mp3,90,phone,827463,Sotho,1719,2,13,78
402,ElitProinInterdum.mp3,246,television,349026,Swahili,2160,5,4,258
403,Lacinia.png,153,computer,272540,Azeri,1110,3,6,106
404,NonQuam.avi,206,television,15092,Northern Sotho,3063,3,13,201
405,Et.png,243,phone,216953,Ndebele,1669,5,2,13
406,DonecSemperSapien.ppt,254,television,980944,Swati,3258,4,2,26
407,InQuamFringilla.tiff,83,phone,615837,Quechua,2046,2,10,235
408,EgetOrci.tiff,163,computer,838029,Korean,846,1,10,51
409,Sit.ppt,281,phone,880103,Afrikaans,3607,3,8,259
410,ConvallisNunc.mp3,257,television,426937,Nepali,5463,4,1,201
411,NullaSuspendissePotenti.xls,151,computer,971043,Luxembourgish,3977,5,9,122
412,MalesuadaInImperdiet.mp3,99,television,101425,Amharic,2296,3,13,133
413,Blandit.xls,189,phone,199421,Polish,1522,4,10,51
414,Dui.ppt,266,television,37074,Nepali,3688,5,3,182
415,Luctus.xls,234,computer,521386,Swahili,4644,5,14,270
416,PedeUllamcorper.jpeg,280,television,381899,Zulu,2537,5,15,276
417,NullaFacilisiCras.jpeg,189,phone,885402,Montenegrin,4812,5,13,287
418,ParturientMontesNascetur.jpeg,102,phone,192745,Dhivehi,4799,4,9,172
419,Suscipit.mp3,73,computer,408596,Dzongkha,3069,1,7,74
420,LaciniaSapienQuis.pdf,183,television,413426,Indonesian,699,2,6,83
421,Parturient.mp3,282,computer,765009,Khmer,2348,2,1,269
422,BibendumFelisSed.mov,130,television,442454,Guaraní,4802,4,8,108
423,DonecPharetra.avi,197,television,766491,Aymara,2262,3,4,64
424,LacusMorbiQuis.doc,100,phone,574090,Bulgarian,2007,1,2,8
425,Eleifend.ppt,94,computer,686008,Bislama,3367,5,13,139
426,PurusEu.jpeg,93,television,527454,Bosnian,2146,5,10,98
427,Maecenas.jpeg,47,phone,428281,Oriya,5578,5,9,131
428,InFaucibusOrci.ppt,260,computer,344902,Ndebele,4613,3,2,56
429,VelIpsum.txt,224,computer,521938,Assamese,3471,2,12,9
430,ConsequatDuiNec.xls,96,phone,966302,Finnish,1113,2,2,8
431,SagittisSapien.ppt,45,phone,774671,Punjabi,2998,2,9,40
432,SapienSapienNon.mp3,191,television,195132,Tok Pisin,4859,3,3,121
433,Arcu.mov,267,computer,965880,Hindi,1027,3,1,300
434,Pede.avi,44,computer,801235,Arabic,3125,5,1,33
435,LigulaSit.doc,252,phone,533690,Dzongkha,3818,4,4,14
436,SemperPorta.ppt,177,computer,52703,Kashmiri,3560,4,2,107
437,PurusPhasellusIn.mov,177,phone,264183,Finnish,3448,4,1,171
438,NamTristique.avi,64,phone,733314,Malay,2958,5,4,43
439,NonMi.tiff,251,phone,562725,Tamil,907,5,11,78
440,FeugiatEtEros.avi,57,television,247440,Greek,1059,4,14,236
441,Tempus.mp3,230,computer,98315,Aymara,5698,2,5,26
442,ElementumPellentesque.xls,207,television,200701,Bengali,1051,2,5,162
443,AdipiscingLorem.gif,270,television,908782,Moldovan,1640,1,5,66
444,NuncVestibulum.avi,37,television,16360,Quechua,5615,2,5,96
445,MalesuadaIn.ppt,69,television,703884,Kyrgyz,3900,2,2,202
446,Aenean.ppt,149,television,152981,Persian,3038,3,8,219
447,Sagittis.mov,182,phone,936316,Dhivehi,3549,3,2,57
448,TurpisNec.png,107,phone,458634,Afrikaans,3094,5,14,68
449,NullaPedeUllamcorper.tiff,129,phone,69154,Telugu,5838,4,11,229
450,NibhInQuis.mpeg,109,television,344559,Quechua,4158,5,8,227
451,LobortisEst.mp3,50,phone,594620,Swahili,3493,3,13,281
452,EuEst.jpeg,291,phone,785640,Portuguese,1473,5,1,7
453,NullaSuspendissePotenti.tiff,259,phone,232007,Lao,3067,5,15,150
454,IpsumDolorSit.avi,234,phone,264412,Afrikaans,5350,2,7,113
455,InterdumEuTincidunt.tiff,180,television,470762,Amharic,725,2,10,145
456,LoremIntegerTincidunt.txt,193,television,555553,Aymara,3725,1,12,74
457,Luctus.gif,189,computer,866743,Burmese,4007,2,4,7
458,DonecDapibus.xls,243,television,823854,Bulgarian,698,2,8,216
459,Nisl.mp3,54,phone,545339,Haitian Creole,1872,4,12,232
460,SapienNonMi.txt,191,phone,129324,Chinese,2705,4,1,197
461,Penatibus.xls,210,television,595342,Oriya,2095,2,1,300
462,BibendumMorbiNon.gif,191,phone,412567,Moldovan,3723,5,11,30
463,NuncNisl.doc,90,computer,219399,Irish Gaelic,2094,4,12,160
464,EtEros.tiff,69,television,152433,Armenian,5115,4,12,142
465,Ridiculus.avi,296,television,335592,Swahili,1156,3,7,270
466,AnteIpsum.mp3,126,phone,825264,Filipino,3789,4,2,260
467,ErosSuspendisse.mp3,246,computer,445595,Guaraní,4135,4,3,152
468,SedJusto.jpeg,283,phone,888659,Arabic,1762,1,11,23
469,UrnaPretiumNisl.gif,234,computer,489138,Marathi,2753,1,13,96
470,NullaNequeLibero.avi,179,phone,677102,Mongolian,2721,5,6,214
471,In.mp3,93,television,645278,Montenegrin,1120,3,7,129
472,Nec.avi,55,television,322281,Yiddish,845,3,11,117
473,Nonummy.avi,108,television,104936,Tamil,1989,3,12,71
474,PedeLobortisLigula.mp3,62,computer,167686,Arabic,929,5,15,43
475,AmetDiamIn.xls,261,phone,360553,Portuguese,5975,3,7,264
476,MaecenasPulvinarLobortis.xls,67,television,393585,Khmer,5275,5,11,238
477,LacusAtVelit.jpeg,138,phone,483711,Czech,1068,5,9,74
478,Tortor.txt,259,phone,847575,Greek,4243,1,12,67
479,RhoncusAliquet.xls,245,computer,874362,Indonesian,5847,2,9,187
480,AugueQuam.mpeg,127,computer,102473,Indonesian,3138,5,12,217
481,NullaMollis.txt,183,television,420044,Croatian,5549,4,9,136
482,In.tiff,57,phone,240952,Zulu,1297,3,8,78
483,VestibulumProinEu.xls,176,computer,653433,Belarusian,2954,4,14,217
484,VestibulumEgetVulputate.avi,198,phone,249602,Khmer,5855,3,2,258
485,RidiculusMus.tiff,62,computer,300625,Malagasy,2364,3,4,291
486,Congue.avi,199,television,651255,Swedish,2007,5,12,181
487,ElementumInHac.txt,263,phone,532113,Assamese,3774,3,15,121
488,At.tiff,95,computer,133278,Albanian,591,2,9,103
489,MaurisNonLigula.xls,84,phone,152207,Swedish,845,5,14,279
490,Nulla.xls,172,phone,470675,Armenian,4544,5,1,181
491,Rutrum.mp3,135,phone,26261,Quechua,1757,1,8,247
492,In.jpeg,253,television,126776,Papiamento,5340,4,2,82
493,Posuere.tiff,220,computer,19552,Chinese,2519,4,7,213
494,PhasellusIn.ppt,79,phone,48161,West Frisian,2915,3,2,49
495,Sem.avi,115,television,172331,Filipino,3692,2,14,8
496,EtTempus.avi,255,computer,49159,Telugu,5277,1,8,221
497,Lacinia.ppt,217,television,223304,Romanian,4538,3,1,5
498,Nullam.gif,243,television,225213,Zulu,2765,4,3,245
499,IpsumInteger.xls,239,computer,746771,Gujarati,1711,3,11,163
500,PellentesqueAt.xls,179,television,224564,Oriya,5676,2,5,238
501,ImperdietNullamOrci.ppt,71,computer,131297,Haitian Creole,5540,3,4,198
502,Eu.xls,297,phone,194664,West Frisian,5207,1,8,52
503,ErosSuspendisseAccumsan.mov,52,computer,201859,Italian,1573,1,9,260
504,EratIdMauris.avi,58,phone,67328,Japanese,5922,3,15,208
505,ConvallisTortorRisus.ppt,206,computer,41199,Marathi,4380,2,14,299
506,InHacHabitasse.pdf,243,television,542444,Georgian,1419,2,8,270
507,Nibh.doc,50,computer,851152,Albanian,1346,3,4,67
508,RhoncusDui.ppt,218,television,870662,Amharic,4242,5,11,203
509,InFelis.mp3,82,phone,957476,Assamese,2558,1,15,181
510,SitAmet.xls,103,television,412947,Dari,5782,5,15,190
511,ProinEu.doc,52,phone,396847,Zulu,1038,5,14,265
512,Scelerisque.png,88,phone,425660,Polish,906,5,1,166
513,Habitasse.avi,88,computer,766403,Kyrgyz,696,4,5,253
514,LobortisEst.png,119,television,316701,Swati,1380,4,14,269
515,Non.tiff,134,phone,878896,Armenian,2045,3,14,190
516,QuamPharetra.png,68,phone,464441,Ndebele,738,4,11,263
517,Nunc.xls,45,computer,760805,Quechua,5330,4,4,154
518,ConsequatVarius.xls,82,television,532996,Afrikaans,3813,5,12,154
519,EgetMassaTempor.avi,292,phone,884525,Portuguese,4914,2,9,165
520,AugueQuamSollicitudin.jpeg,201,phone,662018,Polish,5505,2,3,86
521,VestibulumRutrum.txt,176,television,48763,Tamil,4183,1,13,158
522,NullamVarius.mp3,245,phone,542039,Hebrew,2851,3,6,68
523,Quisque.ppt,232,computer,898205,Indonesian,670,3,10,104
524,NullaInteger.ppt,252,phone,13402,Polish,1075,1,10,246
525,AtVelit.mp3,48,computer,239884,Quechua,940,1,12,151
526,UtDolor.xls,124,computer,670428,Kannada,5085,4,10,208
527,IntegerNonVelit.ppt,142,phone,556165,Azeri,4500,1,2,195
528,AliquamLacus.jpeg,300,television,586313,Burmese,692,2,3,127
529,Ipsum.png,58,phone,82322,Japanese,1013,2,11,213
530,MaecenasTincidunt.jpeg,71,phone,174049,Thai,3423,5,10,79
531,Integer.mp3,228,television,485580,Kashmiri,5178,5,13,288
532,VestibulumRutrum.ppt,99,phone,160041,Burmese,3504,4,15,19
533,UllamcorperAugueA.jpeg,199,phone,513146,Afrikaans,583,2,8,118
534,Id.xls,173,phone,518970,Hindi,4272,3,3,198
535,Dolor.tiff,196,television,634138,Tok Pisin,1344,2,4,208
536,EleifendDonecUt.xls,191,television,783669,Tok Pisin,2624,5,5,276
537,Accumsan.xls,237,phone,225772,Kurdish,1045,1,14,270
538,Quisque.png,131,computer,367333,Portuguese,2661,5,4,70
539,RhoncusMauris.jpeg,202,phone,35671,Persian,1685,2,13,261
540,Habitasse.jpeg,241,computer,404350,Albanian,4699,1,11,110
541,NonMaurisMorbi.mp3,115,phone,700583,Lithuanian,5826,3,3,94
542,NullaInteger.tiff,176,phone,197944,Lao,5870,3,7,256
543,NisiEuOrci.mpeg,59,phone,786924,Hungarian,1192,1,7,226
544,Dolor.avi,123,computer,937027,Swedish,3730,5,4,41
545,HacHabitassePlatea.mp3,283,computer,416901,Moldovan,1190,5,14,260
546,Sit.mp3,122,computer,246685,Māori,3343,3,13,270
547,Sit.mp3,253,phone,721514,Kashmiri,5453,1,7,265
548,DisParturient.jpeg,149,computer,467025,Albanian,557,1,9,152
549,LectusPellentesqueEget.xls,144,computer,661215,Kannada,4695,2,5,172
550,Accumsan.mpeg,184,phone,969134,Indonesian,786,5,15,12
551,Enim.txt,55,computer,131792,Quechua,2971,2,8,275
552,SemFusce.avi,231,television,938946,Oriya,3879,4,13,251
553,FringillaRhoncusMauris.mov,72,phone,226228,Tsonga,4605,5,9,114
554,NamCongueRisus.mp3,254,computer,822635,Haitian Creole,4033,4,13,86
555,EratTortorSollicitudin.mp3,76,television,722626,Latvian,4551,1,14,97
556,Donec.ppt,152,computer,885099,Burmese,2291,5,7,199
557,InPorttitor.xls,165,computer,827843,Gagauz,3205,2,15,233
558,Id.ppt,33,computer,741730,Kashmiri,1816,4,14,117
559,TinciduntAnte.ppt,161,phone,415825,English,1304,4,10,33
560,ArcuSedAugue.ppt,111,computer,884365,Khmer,4148,3,12,298
561,LuctusEt.mpeg,146,computer,928804,Hungarian,4464,3,3,26
562,Luctus.mp3,284,computer,562414,Burmese,1021,5,4,294
563,SuscipitLigulaIn.jpeg,31,television,547402,Punjabi,2716,4,9,177
564,PraesentBlandit.ppt,130,television,700614,Punjabi,1270,4,6,185
565,PortaVolutpatQuam.pdf,66,computer,337532,French,4509,2,2,278
566,Lacinia.avi,298,phone,613476,Swedish,843,3,5,1
567,LaciniaEgetTincidunt.tiff,113,television,290377,Amharic,5236,5,4,297
568,FaucibusCursus.avi,148,computer,436248,Yiddish,1250,2,8,238
569,PellentesqueVolutpatDui.avi,232,computer,631701,Bengali,4070,2,12,141
570,Nibh.gif,202,television,260301,Dzongkha,5464,2,14,296
571,TempusSit.mov,219,computer,272338,Belarusian,4444,4,11,239
572,PurusEu.avi,169,television,661280,Montenegrin,3208,4,9,71
573,RhoncusAliquet.txt,234,computer,450802,Kurdish,572,4,3,149
574,SapienPlacerat.jpeg,89,television,144821,Kazakh,3046,3,12,192
575,ConsequatInConsequat.tiff,42,computer,157572,Spanish,3063,2,12,172
576,Lacus.ppt,272,television,111169,Tajik,5353,4,6,285
577,Non.gif,213,television,82756,Gujarati,3293,2,1,138
578,ParturientMontes.avi,183,television,155817,Mongolian,915,4,1,41
579,RhoncusDuiVel.mov,230,phone,130059,Kazakh,4569,3,15,168
580,Turpis.tiff,297,television,224380,Croatian,2844,5,9,142
581,SedInterdum.tiff,227,phone,945787,Georgian,4754,1,2,206
582,Imperdiet.avi,113,phone,154661,Guaraní,3224,1,4,280
583,LoremVitaeMattis.jpeg,271,phone,212756,Nepali,4556,2,2,37
584,IntegerTinciduntAnte.ppt,238,phone,147251,Swahili,1511,4,5,273
585,NislAeneanLectus.gif,77,computer,155370,Tamil,4005,5,10,152
586,DisParturientMontes.xls,165,television,257220,Belarusian,4430,4,10,126
587,In.xls,62,phone,144564,Marathi,2832,3,4,71
588,EnimSitAmet.mp3,63,computer,466153,Arabic,1619,5,8,114
589,Rhoncus.mp3,232,television,166132,Kannada,4621,5,6,204
590,IdMassa.avi,201,computer,331783,Georgian,4282,3,13,150
591,MorbiNon.avi,60,phone,479561,Aymara,2197,3,8,71
592,SodalesSedTincidunt.ppt,277,phone,109700,Filipino,1914,3,6,83
593,PellentesqueEget.avi,79,computer,431926,Kazakh,1979,4,13,55
594,CubiliaCurae.doc,92,phone,695692,Swati,4076,5,13,241
595,Lectus.xls,256,computer,552263,Swahili,3898,5,13,155
596,Nam.xls,183,phone,811400,Kurdish,4682,1,8,180
597,Sit.ppt,75,television,945504,Tamil,3700,2,9,222
598,PenatibusEtMagnis.doc,118,computer,23997,Sotho,3545,5,8,211
599,EgetTinciduntEget.tiff,223,phone,638639,Danish,4762,1,3,272
600,EtErosVestibulum.xls,105,television,375130,Kurdish,1308,4,13,118
601,NislAeneanLectus.jpeg,156,television,327463,Finnish,4067,3,13,273
602,UtNuncVestibulum.avi,143,computer,445587,Finnish,3677,1,3,5
603,SitAmet.png,289,television,695823,Khmer,4249,2,3,61
604,AliquamConvallis.xls,127,television,270943,Ndebele,1668,1,10,106
605,VelNullaEget.mov,95,television,973650,Burmese,2987,2,11,235
606,AuctorSedTristique.mp3,221,computer,759845,Swedish,3407,3,4,123
607,AccumsanTortor.ppt,281,television,349592,Greek,1711,4,2,159
608,TemporConvallis.mov,291,phone,543078,Zulu,2128,4,15,141
609,PellentesqueUltricesPhasellus.ppt,207,computer,707779,Quechua,3245,5,15,94
610,Facilisi.ppt,242,television,698747,Dzongkha,5646,1,3,29
611,AccumsanOdio.txt,174,computer,326811,Haitian Creole,1849,4,4,21
612,MagnaVulputateLuctus.mpeg,61,television,88214,Swati,4548,1,7,256
613,LaciniaAeneanSit.png,123,computer,686478,Haitian Creole,3270,5,10,67
614,Consequat.tiff,60,phone,966540,Japanese,5833,4,3,79
615,Ante.doc,165,computer,375242,Tok Pisin,521,2,10,17
616,MassaTempor.avi,257,computer,219328,Moldovan,5414,3,8,202
617,Magnis.xls,233,phone,738899,Tok Pisin,1748,4,4,113
618,VelEst.ppt,69,phone,715464,Nepali,2461,5,9,208
619,Consequat.xls,293,phone,338172,Arabic,5910,1,12,21
620,PrimisIn.mpeg,58,television,562997,Italian,3793,2,4,38
621,DapibusDolor.xls,92,computer,748571,West Frisian,5107,5,1,169
622,Donec.gif,148,phone,416411,Kashmiri,4719,4,1,207
623,OdioInHac.txt,209,phone,58186,Tok Pisin,3569,2,12,24
624,TempusSitAmet.jpeg,201,phone,764494,Marathi,2883,5,12,34
625,Amet.xls,256,computer,250976,Afrikaans,4549,4,11,181
626,MaurisUllamcorper.ppt,80,television,992013,Bengali,4232,1,8,44
627,InEstRisus.png,64,computer,134781,Thai,2059,1,11,128
628,NibhInHac.avi,122,phone,980741,Afrikaans,4944,5,2,291
629,NislUtVolutpat.doc,93,phone,381310,New Zealand Sign Language,551,5,15,212
630,ViverraDapibus.ppt,30,computer,807188,Tswana,832,2,1,295
631,Hac.ppt,52,computer,686928,New Zealand Sign Language,5102,3,11,128
632,AeneanFermentumDonec.txt,178,phone,895410,Thai,3639,4,3,156
633,Purus.avi,113,television,179104,Swahili,725,1,3,157
634,SapienUrna.jpeg,92,computer,989445,Hiri Motu,3339,2,3,291
635,Tincidunt.mov,149,television,691692,Quechua,1607,5,14,135
636,InterdumEu.tiff,139,phone,398577,Swahili,1187,3,6,146
637,PosuereNonummyInteger.txt,210,television,226928,Romanian,4908,1,9,28
638,Justo.txt,268,phone,443790,Italian,5788,1,7,62
639,Vel.mp3,117,computer,698063,Bulgarian,3732,5,12,259
640,PlaceratAnte.xls,71,television,981832,Catalan,2353,1,7,66
641,Orci.txt,251,computer,290935,Croatian,4342,3,8,190
642,DisParturientMontes.gif,210,computer,112222,Persian,3178,3,12,147
643,DolorSit.xls,45,phone,656381,Punjabi,2173,5,10,299
644,Justo.mov,100,television,690568,Persian,1793,1,5,294
645,OdioCrasMi.tiff,284,television,486164,Lithuanian,4314,2,11,289
646,AdipiscingElitProin.jpeg,72,television,520007,Spanish,2014,2,7,293
647,MetusArcuAdipiscing.avi,146,television,904457,Luxembourgish,2397,4,5,233
648,EstPhasellus.pdf,63,computer,974336,Azeri,2491,2,7,199
649,PosuereFelisSed.ppt,136,television,887291,Afrikaans,5132,2,13,233
650,Nec.mp3,148,phone,145252,Spanish,4030,2,7,83
651,Placerat.mp3,64,computer,387822,Polish,3486,4,6,190
652,ConsequatInConsequat.ppt,240,television,914983,Dzongkha,1071,4,5,106
653,Consequat.avi,107,computer,456790,Telugu,5733,1,3,41
654,UtNuncVestibulum.ppt,43,phone,914154,Polish,5370,5,1,175
655,PosuereNonummyInteger.xls,215,television,175662,Estonian,3471,2,2,218
656,QuisJustoMaecenas.ppt,55,computer,686852,New Zealand Sign Language,865,3,4,74
657,MaurisMorbi.mov,213,computer,506304,Telugu,767,3,14,187
658,NonummyMaecenasTincidunt.avi,176,phone,553385,New Zealand Sign Language,5732,5,7,59
659,ConsequatDuiNec.txt,142,computer,449502,Japanese,4062,5,14,270
660,AtFeugiatNon.mov,75,television,146326,Māori,1631,3,1,24
661,Nisl.tiff,204,television,335262,French,4105,4,3,147
662,VelEnimSit.jpeg,168,television,498334,Bulgarian,1848,5,6,134
663,RhoncusAliquamLacus.tiff,246,phone,68470,Albanian,2841,2,4,149
664,Curae.avi,125,computer,522390,Hebrew,3219,3,8,111
665,AnteVivamusTortor.mp3,122,phone,471029,Afrikaans,5030,3,7,11
666,RhoncusAliquam.ppt,281,computer,376748,Tajik,588,2,10,299
667,Non.gif,128,television,590768,Bislama,1487,1,14,293
668,MagnaAc.tiff,266,phone,662011,French,1602,4,5,204
669,CondimentumCurabiturIn.avi,36,computer,240401,Tswana,636,4,12,165
670,EgetTincidunt.mp3,231,phone,661485,Aymara,1052,1,15,175
671,Sodales.gif,114,computer,822368,Korean,4810,1,15,88
672,DiamNamTristique.ppt,45,television,879153,German,1415,5,2,288
673,Quam.xls,171,phone,77645,Marathi,5987,2,15,117
674,NullaInteger.avi,208,phone,677669,Irish Gaelic,1475,3,9,43
675,ProinLeoOdio.tiff,234,phone,438157,Burmese,1046,3,9,171
676,Nullam.ppt,195,television,159403,French,1650,1,3,48
677,ConsequatIn.mp3,285,television,430041,Guaraní,3155,5,6,60
678,Vestibulum.jpeg,284,computer,999303,Swati,1998,1,5,24
679,InQuisJusto.ppt,188,computer,719683,Lao,5355,3,2,162
680,HabitassePlateaDictumst.mp3,299,computer,367827,Hebrew,2272,1,1,246
681,AdipiscingLorem.txt,241,computer,546714,Fijian,4301,5,15,133
682,PurusEu.avi,57,television,484983,Hungarian,2762,2,10,282
683,TristiqueTortorEu.jpeg,242,television,84388,Czech,821,2,13,145
684,IpsumAliquamNon.mp3,210,computer,294156,Dhivehi,1946,4,15,175
685,CuraeMaurisViverra.pdf,299,phone,916703,Mongolian,3148,3,7,126
686,SedTinciduntEu.jpeg,250,television,699246,Indonesian,2933,4,13,91
687,EstLacinia.ppt,172,computer,501963,Amharic,5167,2,10,50
688,Eget.xls,93,computer,308933,Maltese,2778,5,2,163
689,RhoncusAliquetPulvinar.avi,178,computer,531735,Albanian,3080,4,11,155
690,HabitassePlatea.mp3,68,television,459323,Hiri Motu,1093,2,2,299
691,Ornare.mp3,101,television,806923,Estonian,5207,3,13,69
692,Non.ppt,174,phone,184752,Polish,5667,1,8,214
693,Diam.tiff,182,phone,755161,Kannada,4686,4,4,177
694,BlanditNonInterdum.jpeg,197,television,401121,Pashto,2377,4,2,241
695,TurpisAdipiscingLorem.xls,218,phone,498813,Tamil,3658,5,10,71
696,Ipsum.xls,232,television,482389,Polish,5686,4,8,79
697,MorbiA.xls,233,television,754446,Hebrew,5721,4,2,102
698,InHac.mov,250,computer,640771,Northern Sotho,5878,2,1,286
699,InFelisEu.gif,169,computer,372390,Luxembourgish,972,3,4,90
700,Amet.ppt,227,television,127003,Marathi,5823,1,10,11
701,InLacus.txt,217,computer,827273,Telugu,3633,5,14,239
702,DuisFaucibusAccumsan.tiff,89,phone,59489,Indonesian,2459,1,9,97
703,Ligula.jpeg,144,television,179955,Luxembourgish,3309,5,9,84
704,InFaucibus.tiff,211,phone,660318,Italian,3049,1,5,248
705,MassaIdNisl.mov,98,television,596396,Estonian,4052,2,12,112
706,ElitAcNulla.jpeg,111,computer,851738,Belarusian,3130,2,8,119
707,PurusSit.xls,165,phone,206239,New Zealand Sign Language,5830,3,8,263
708,Tempus.jpeg,85,television,392010,Mongolian,3389,2,10,146
709,Maecenas.mpeg,247,computer,852630,Sotho,1246,3,7,47
710,AuctorGravida.xls,41,phone,979699,Lithuanian,4315,3,8,254
711,MagnaAcConsequat.txt,111,television,174692,English,5841,4,1,145
712,NullaPede.jpeg,259,phone,983654,Spanish,5944,5,7,263
713,Cursus.tiff,155,phone,612043,Italian,3941,3,5,14
714,AmetNullaQuisque.txt,110,television,190806,Luxembourgish,5566,2,8,67
715,DonecUtDolor.xls,226,phone,864104,West Frisian,4656,1,11,278
716,TortorEuPede.mov,291,computer,209061,Khmer,1627,5,7,136
717,Nulla.ppt,252,computer,139492,Tok Pisin,4696,5,10,110
718,OdioOdioElementum.xls,95,television,269162,Arabic,5475,5,3,291
719,SollicitudinMiSit.tiff,297,computer,412279,Dhivehi,2757,5,10,133
720,Ultrices.jpeg,255,phone,891030,Sotho,5839,2,14,229
721,TellusNisiEu.avi,58,phone,28778,Marathi,1850,1,7,209
722,Blandit.png,185,phone,475909,Swahili,4744,1,7,277
723,Leo.mp3,156,computer,863029,Czech,574,3,3,205
724,AtNuncCommodo.xls,198,computer,677147,Catalan,1152,1,2,34
725,HacHabitassePlatea.xls,189,computer,465135,Fijian,1198,3,11,232
726,Id.mp3,77,television,473306,Swati,1275,4,6,162
727,IdNulla.avi,48,television,700624,Norwegian,3417,4,3,171
728,Condimentum.png,98,computer,370421,Polish,2725,4,1,235
729,Facilisi.ppt,234,phone,687187,Kashmiri,2150,3,14,25
730,Enim.mov,129,computer,201891,Latvian,1726,3,6,180
731,IntegerNonVelit.avi,233,computer,902443,Georgian,567,4,1,28
732,VelLectusIn.ppt,268,computer,273197,Telugu,1448,3,2,146
733,EstEtTempus.ppt,169,computer,884358,Korean,1948,4,10,66
734,OrciNullamMolestie.avi,298,computer,596031,Swahili,5055,5,12,265
735,HacHabitassePlatea.avi,182,phone,26391,New Zealand Sign Language,5981,1,9,160
736,MetusArcuAdipiscing.ppt,192,phone,742224,Quechua,3063,4,11,183
737,Donec.ppt,209,phone,814440,Oriya,5888,3,5,188
738,Non.mpeg,242,television,590646,Armenian,1843,4,15,203
739,InEleifendQuam.mov,193,television,70790,Guaraní,1133,3,10,300
740,NullaAcEnim.mov,96,computer,394341,Indonesian,1292,2,14,273
741,VestibulumVelit.avi,254,television,595892,Tetum,4316,1,6,62
742,MagnaBibendumImperdiet.gif,229,computer,393485,Hungarian,4458,1,1,296
743,Vulputate.jpeg,248,phone,228854,Irish Gaelic,1183,2,8,215
744,AtTurpisDonec.mov,189,television,832801,Pashto,3200,1,9,88
745,Aliquam.avi,196,phone,110741,Armenian,4013,4,13,88
746,IpsumAliquam.mov,165,phone,479399,Portuguese,3368,5,13,158
747,Eu.png,286,television,800029,Tetum,5610,5,1,284
748,Nisl.avi,180,television,606002,Kazakh,5363,4,8,181
749,InQuam.avi,134,computer,933913,Punjabi,1852,1,8,181
750,Volutpat.xls,107,television,38103,Kannada,3654,1,14,141
751,HabitassePlateaDictumst.mp3,180,television,712580,West Frisian,2242,1,14,151
752,Cubilia.avi,91,computer,216093,Luxembourgish,4408,2,4,70
753,RhoncusAliquet.doc,117,television,882227,Lithuanian,1365,5,13,252
754,Pede.tiff,37,computer,471900,Finnish,5646,4,4,246
755,ConvallisNulla.mov,285,phone,201065,Marathi,2842,3,5,196
756,Libero.avi,253,computer,369782,Burmese,3630,1,13,145
757,Congue.mp3,140,phone,660785,Polish,1147,5,10,56
758,Condimentum.ppt,260,television,203592,Estonian,710,3,8,32
759,Mauris.mpeg,154,computer,16530,Oriya,670,3,4,292
760,AnteVestibulum.tiff,85,television,349940,Portuguese,3004,1,12,151
761,UltricesMattisOdio.tiff,186,computer,888187,Bengali,5670,5,10,14
762,SedLacus.xls,227,computer,401609,Dari,5599,5,9,218
763,MassaVolutpatConvallis.gif,277,phone,16680,Thai,5816,3,9,169
764,PedeVenenatisNon.xls,130,computer,712348,Telugu,2547,1,7,194
765,LuctusRutrumNulla.tiff,155,television,828294,Sotho,2801,2,4,175
766,PellentesqueUltricesMattis.ppt,172,phone,315115,German,3110,2,14,230
767,TurpisDonec.mp3,76,television,809784,Hebrew,5463,1,1,15
768,EtUltrices.jpeg,268,computer,338360,Papiamento,737,1,4,117
769,Scelerisque.doc,184,television,113083,Malay,5447,4,5,245
770,Pretium.avi,134,computer,623895,Oriya,5749,1,15,174
771,TemporConvallis.jpeg,84,phone,474902,Polish,4060,5,9,170
772,InEleifend.doc,224,computer,450841,Tok Pisin,4846,3,8,18
773,Pede.jpeg,248,computer,356404,Hebrew,3803,4,10,225
774,Vitae.mov,105,computer,552481,Estonian,4270,4,10,132
775,Sed.avi,187,television,735893,Tamil,2347,1,13,121
776,NonVelitDonec.ppt,287,computer,293800,Lithuanian,2825,4,12,129
777,RhoncusMaurisEnim.jpeg,109,computer,941161,Norwegian,4964,1,11,104
778,UrnaPretiumNisl.tiff,129,television,264010,Malayalam,2957,1,4,277
779,ElementumLigula.jpeg,173,computer,203278,Icelandic,1458,2,1,107
780,Non.ppt,178,computer,78393,Norwegian,1375,3,12,293
781,Enim.jpeg,193,phone,132288,Hiri Motu,5290,5,4,35
782,InLacusCurabitur.mpeg,216,television,203129,Catalan,5739,4,15,33
783,Vestibulum.mov,291,computer,452529,Dhivehi,3951,3,3,144
784,AliquamAugue.avi,211,television,934138,Māori,5453,4,8,53
785,UltricesAliquet.xls,293,phone,337209,Filipino,4616,1,3,49
786,LeoMaecenasPulvinar.xls,107,television,542990,Malayalam,5564,3,14,54
787,Porttitor.xls,236,television,842052,Telugu,3545,4,11,128
788,VolutpatEratQuisque.xls,137,computer,737675,Afrikaans,3899,3,4,176
789,FaucibusOrci.jpeg,134,computer,398506,Hungarian,4296,1,6,44
790,PrimisIn.gif,45,phone,936040,Armenian,1573,3,6,89
791,In.tiff,41,television,90155,Tajik,2453,1,10,102
792,IntegerAc.ppt,192,computer,116763,Arabic,1447,2,12,208
793,AtVelit.tiff,248,television,660099,Quechua,5507,1,4,215
794,VitaeNisl.xls,73,television,250926,Czech,2923,4,4,204
795,VelEnim.ppt,274,television,703476,Telugu,4495,2,7,245
796,In.txt,216,television,615843,Burmese,2510,1,6,300
797,PellentesqueViverra.gif,58,phone,347339,Danish,5781,4,4,260
798,AliquamQuis.xls,68,phone,360479,Punjabi,1801,4,1,237
799,Venenatis.tiff,163,computer,440448,Kannada,2801,3,4,198
800,Enim.avi,151,computer,88420,West Frisian,1469,1,3,180
801,NullaJustoAliquam.mpeg,116,phone,940809,Gujarati,5528,5,14,117
802,SapienCumSociis.jpeg,267,computer,421822,Kurdish,4461,4,4,212
803,Donec.mpeg,143,phone,688149,Kyrgyz,4861,5,2,176
804,Orci.doc,99,computer,380965,Albanian,3627,5,7,25
805,LuctusEtUltrices.mp3,44,phone,943795,Finnish,4848,1,5,116
806,NuncViverraDapibus.tiff,170,phone,117210,German,1910,3,15,280
807,PosuereCubilia.mpeg,104,phone,201062,Chinese,1334,4,8,299
808,Orci.ppt,64,computer,270829,Catalan,1442,5,5,187
809,Aliquam.avi,120,computer,631704,Tajik,5446,5,1,161
810,CurabiturGravida.ppt,207,computer,856947,Danish,567,4,1,146
811,AOdio.ppt,269,computer,259998,Kannada,4059,3,10,70
812,MiPedeMalesuada.xls,90,phone,188504,Marathi,4221,1,11,115
813,TinciduntInLeo.mp3,44,phone,990588,Bulgarian,1421,2,2,259
814,PlateaDictumstAliquam.jpeg,64,computer,987881,Swedish,1695,3,2,228
815,Ac.ppt,100,phone,158611,Dutch,1938,2,4,5
816,OdioDonec.txt,253,phone,696231,Tswana,3214,4,3,11
817,AnteIpsum.jpeg,55,computer,627419,Belarusian,3134,5,2,119
818,Quisque.tiff,46,computer,248749,Kurdish,4693,2,5,234
819,In.avi,229,television,706581,Somali,829,2,8,300
820,InPorttitorPede.avi,185,computer,919390,Hungarian,3277,4,5,190
821,MassaTempor.jpeg,117,television,714266,Dutch,790,5,12,60
822,In.xls,244,television,683791,Kashmiri,3801,5,13,169
823,Quis.ppt,46,computer,736476,Hebrew,1530,3,8,183
824,MiIntegerAc.jpeg,202,phone,466154,Swedish,4065,3,15,160
825,ErosViverra.mpeg,261,computer,959994,Mongolian,1002,1,11,251
826,NullaTellus.avi,126,computer,370149,Norwegian,1050,4,5,237
827,MorbiAIpsum.xls,163,phone,993177,Bengali,3510,1,7,85
828,ConsequatLectus.pdf,213,computer,894694,Haitian Creole,5729,5,4,33
829,IdSapien.mpeg,56,television,966447,Filipino,5649,1,2,222
830,TellusNullaUt.mpeg,198,computer,81564,Lao,3949,3,3,206
831,DiamNequeVestibulum.pdf,140,television,367081,Hungarian,5194,5,15,161
832,Dolor.avi,181,phone,623720,Pashto,4231,4,10,178
833,Aliquet.avi,256,television,496169,Oriya,2082,1,15,288
834,SuscipitNullaElit.xls,96,television,346938,Kurdish,4927,3,15,287
835,FaucibusOrci.mp3,112,computer,967701,Dari,2186,3,6,191
836,Maecenas.mp3,243,television,935316,Hindi,4317,2,14,279
837,IaculisCongueVivamus.ppt,104,television,326790,Luxembourgish,4764,3,6,85
838,Suscipit.mov,126,television,354740,Irish Gaelic,4101,4,4,29
839,Cum.mp3,43,phone,980299,French,855,3,13,3
840,Sollicitudin.xls,207,television,536262,Papiamento,3648,5,2,19
841,DonecPosuereMetus.ppt,291,computer,210553,Nepali,1772,4,9,286
842,Mauris.xls,220,phone,268027,Finnish,1995,5,13,44
843,Metus.ppt,227,computer,358041,Malagasy,3116,4,9,157
844,Risus.ppt,94,television,809611,Portuguese,5817,1,6,74
845,PosuereMetusVitae.ppt,114,television,330544,Estonian,4758,2,14,101
846,FusceLacusPurus.avi,264,television,925982,Moldovan,5598,5,7,73
847,DiamInMagna.txt,297,television,696659,Nepali,5366,1,9,282
848,Fermentum.txt,95,phone,798770,Icelandic,2142,4,14,62
849,ErosSuspendisseAccumsan.tiff,238,television,358397,Kurdish,3164,3,11,126
850,InFaucibus.avi,73,computer,887745,Tetum,5388,3,9,176
851,Quis.ppt,48,computer,951297,Montenegrin,4346,5,14,115
852,VariusUt.avi,124,phone,208304,Malayalam,5623,2,1,19
853,In.doc,73,television,818330,Malagasy,1636,3,8,131
854,AnteIpsumPrimis.avi,49,computer,457352,Malagasy,1993,3,1,165
855,QuisTortor.avi,42,phone,21776,Khmer,2736,4,4,112
856,Nullam.xls,30,phone,702298,Nepali,5482,4,8,41
857,Montes.mpeg,88,phone,795382,Kurdish,1091,1,2,36
858,ElementumNullamVarius.mp3,114,computer,480049,Albanian,1788,2,10,126
859,EtiamPretiumIaculis.ppt,226,television,937445,Dari,3657,1,14,118
860,DonecUt.ppt,133,phone,110116,Tswana,749,5,13,138
861,ElementumIn.png,236,phone,640498,German,2937,1,8,213
862,NamUltrices.mp3,292,television,179393,French,4723,3,14,74
863,PellentesqueQuisquePorta.xls,291,phone,443165,Hiri Motu,3582,5,9,244
864,AdipiscingMolestie.mp3,262,computer,116681,Marathi,3420,4,13,192
865,Quis.ppt,292,television,699297,Italian,2348,5,4,38
866,InterdumIn.mov,79,television,256999,Dutch,604,5,7,77
867,Dolor.ppt,146,television,773543,Telugu,997,4,8,282
868,Donec.gif,95,phone,754805,Afrikaans,1623,2,9,145
869,VivamusVestibulum.jpeg,120,television,678230,Maltese,3225,1,4,76
870,Ligula.jpeg,139,computer,746793,Gagauz,2010,5,3,120
871,Consectetuer.jpeg,214,phone,56934,Moldovan,2269,2,5,15
872,Rhoncus.mp3,165,phone,42743,Filipino,1656,3,2,265
873,VestibulumVestibulumAnte.avi,208,television,419202,Maltese,1050,3,2,146
874,Ligula.doc,163,computer,554320,Oriya,5808,3,1,147
875,IpsumAliquamNon.jpeg,245,phone,993205,Guaraní,5862,5,9,29
876,OdioConsequat.txt,238,computer,462840,Korean,2791,1,2,61
877,Ullamcorper.mp3,104,television,682446,Kurdish,532,3,6,64
878,AtLoremInteger.jpeg,118,computer,972503,Luxembourgish,4059,2,1,19
879,InEstRisus.mp3,35,computer,773891,English,707,4,7,250
880,NibhLigula.avi,76,phone,764456,Lithuanian,2932,2,15,15
881,Nibh.xls,257,computer,593834,Moldovan,4365,4,5,54
882,MaurisNon.pdf,169,phone,103740,Croatian,1698,2,12,210
883,Pretium.xls,253,television,207611,Bengali,2289,2,15,197
884,AcNulla.xls,160,computer,47694,Italian,2554,2,11,90
885,TellusInSagittis.ppt,235,television,661348,Punjabi,4488,1,10,130
886,IdJustoSit.xls,275,phone,260374,Estonian,4351,1,9,248
887,Ligula.doc,73,phone,733464,Burmese,3090,4,2,226
888,LigulaPellentesque.tiff,168,phone,153193,Kannada,3424,2,7,210
889,LoremIpsum.ppt,53,computer,649084,Pashto,4412,4,6,33
890,TinciduntAnteVel.mpeg,90,phone,521619,Catalan,4489,4,11,107
891,Accumsan.mp3,151,computer,937373,Bosnian,1020,2,13,14
892,AcLeo.gif,52,computer,467048,Malayalam,1338,5,13,198
893,IpsumPraesentBlandit.mp3,184,phone,161907,Polish,4456,5,6,273
894,NullaSuspendisse.jpeg,175,television,75778,Luxembourgish,5514,5,4,38
895,AcConsequatMetus.avi,269,phone,814372,Macedonian,3684,3,10,2
896,VestibulumSagittis.jpeg,110,computer,337315,Croatian,4780,4,11,31
897,RutrumNulla.ppt,243,phone,848155,Hindi,5456,4,6,161
898,FermentumJusto.xls,246,phone,563004,Gujarati,2504,1,14,107
899,Ante.avi,132,computer,885237,Italian,4238,4,13,28
900,InHacHabitasse.gif,190,phone,232101,Thai,4053,3,1,212
901,Nullam.avi,87,television,258116,Fijian,3736,4,9,222
902,NullamMolestieNibh.avi,159,computer,937813,Malay,544,4,13,252
903,Sapien.xls,110,computer,641304,Bislama,2088,5,7,25
904,Proin.avi,181,television,785844,Catalan,5046,1,2,104
905,NullaUltrices.xls,241,phone,363410,Arabic,4750,1,13,92
906,AnteIpsum.mpeg,295,phone,703737,Khmer,4287,1,1,247
907,PotentiInEleifend.avi,53,computer,17456,Gagauz,3275,1,15,22
908,QuisqueErat.mpeg,182,computer,353144,Maltese,4753,1,8,1
909,Sapien.tiff,197,phone,170797,Icelandic,4609,3,14,30
910,Blandit.avi,211,computer,491908,Arabic,4035,3,13,133
911,SedAugueAliquam.mp3,217,computer,205834,Hebrew,4399,2,2,231
912,SitAmet.txt,105,computer,580895,Punjabi,3921,1,13,229
913,EtCommodo.ppt,299,computer,214638,Bislama,4459,1,5,276
914,CongueEget.tiff,293,computer,613788,Khmer,3079,1,5,46
915,InTempusSit.mpeg,226,phone,343153,Māori,5722,3,5,85
916,Platea.avi,250,phone,52742,Gagauz,3117,1,4,133
917,NonummyIntegerNon.jpeg,48,computer,542770,Kazakh,1696,2,8,2
918,ConsequatDui.gif,203,computer,413087,New Zealand Sign Language,4888,5,12,62
919,Lacinia.mov,128,television,115295,Fijian,5864,3,2,73
920,JustoMorbiUt.txt,198,phone,71228,Spanish,2683,3,10,155
921,OdioConsequat.gif,190,computer,809080,Guaraní,1945,5,7,299
922,ErosViverra.avi,291,phone,510382,Greek,1062,5,15,181
923,Lectus.xls,204,computer,538702,Gujarati,990,3,4,18
924,SemPraesent.xls,88,computer,254945,Albanian,2627,3,8,40
925,BlanditLacinia.ppt,87,phone,604989,Sotho,3692,5,15,72
926,EgetOrciVehicula.doc,219,television,760717,Tswana,915,3,7,88
927,Volutpat.avi,213,computer,326569,Marathi,4517,1,1,88
928,Metus.ppt,122,phone,330561,Belarusian,2134,4,9,109
929,FermentumJustoNec.xls,262,computer,79126,Nepali,831,5,14,183
930,QuisLiberoNullam.tiff,90,television,925749,Assamese,4134,1,4,2
931,AugueASuscipit.ppt,116,computer,719512,German,1536,4,5,166
932,MaurisEnim.mp3,248,phone,210855,Lithuanian,1835,4,12,227
933,CrasMiPede.pdf,127,television,857797,Swedish,3764,1,14,30
934,EuNibhQuisque.jpeg,104,television,108825,Dzongkha,1161,5,3,240
935,FelisSedInterdum.mpeg,116,computer,719164,Tswana,5728,5,9,87
936,NamUltricesLibero.xls,47,television,957425,Georgian,5303,4,14,266
937,Vulputate.pdf,100,computer,147136,Māori,3190,4,3,111
938,Maecenas.mp3,272,television,188756,Georgian,5318,4,6,30
939,NullamMolestieNibh.tiff,76,phone,268997,German,1626,2,6,7
940,Praesent.mp3,95,computer,760130,Tajik,1932,3,14,31
941,VelIpsum.doc,225,computer,558236,Montenegrin,811,2,13,175
942,Vestibulum.doc,78,phone,729606,Punjabi,5366,3,13,222
943,VestibulumVestibulumAnte.ppt,33,phone,675352,Tamil,3166,5,2,106
944,AliquetPulvinar.tiff,294,phone,452814,Tetum,5144,1,2,18
945,EratFermentumJusto.doc,249,computer,24862,Malay,4346,2,14,88
946,NibhIn.xls,89,phone,520637,Bosnian,4486,5,14,226
947,LoremVitae.xls,251,phone,415524,English,4262,4,6,62
948,MaecenasUtMassa.ppt,108,computer,769294,Portuguese,1453,3,2,133
949,SitAmet.mp3,269,phone,458682,Hebrew,866,2,8,296
950,MolestieHendrerit.tiff,37,phone,476292,Croatian,1259,1,7,1
951,Integer.mp3,278,television,92530,Malagasy,2385,4,7,130
952,NuncPurus.mov,204,television,698214,Georgian,5186,1,4,77
953,Turpis.xls,110,phone,277065,Macedonian,5131,2,1,218
954,PrimisIn.ppt,94,television,254138,Malay,2597,5,7,94
955,Ut.png,121,computer,671454,Japanese,5692,3,9,95
956,TristiqueInTempus.ppt,184,phone,761123,Bosnian,4200,2,12,147
957,SemperRutrumNulla.mpeg,292,computer,631641,Maltese,4747,1,6,216
958,Quis.xls,58,television,247066,Tetum,1885,4,6,77
959,Augue.xls,166,computer,852456,Papiamento,4575,2,12,184
960,RutrumNequeAenean.mpeg,98,computer,491991,Fijian,2605,1,12,244
961,Mattis.mp3,229,television,832030,Georgian,3866,4,11,22
962,JustoMorbi.jpeg,162,television,702617,Georgian,918,2,4,13
963,VelLectus.avi,257,computer,453800,Norwegian,2967,1,15,231
964,EtUltricesPosuere.mp3,93,television,58835,Portuguese,2421,5,14,174
965,IntegerTinciduntAnte.mp3,95,phone,264957,Bislama,5577,3,8,139
966,GravidaSemPraesent.mp3,225,television,683516,Portuguese,5881,4,3,96
967,NullaNeque.xls,104,computer,280525,Sotho,5364,5,9,266
968,AnteVestibulum.mp3,124,television,772194,Gujarati,2210,4,8,172
969,DonecUtDolor.doc,38,computer,931737,Albanian,5808,5,7,159
970,Eget.mov,172,computer,265011,Northern Sotho,5637,2,9,238
971,UtNulla.mp3,254,phone,958862,Thai,1280,4,10,169
972,At.xls,34,computer,605660,Fijian,619,1,5,292
973,UtEratId.jpeg,164,television,403297,Yiddish,1282,2,5,126
974,OrciLuctus.tiff,157,television,338865,Hiri Motu,3542,1,1,20
975,SedJusto.mpeg,136,computer,668667,Burmese,2181,1,10,157
976,ImperdietEtCommodo.xls,146,television,502730,Tswana,1343,5,11,17
977,PotentiInEleifend.ppt,63,phone,234471,Hungarian,3946,5,12,123
978,EratVolutpatIn.xls,129,computer,974550,Kannada,3280,1,2,260
979,PosuereNonummy.ppt,171,computer,557470,Croatian,4576,4,11,273
980,Posuere.xls,106,television,866159,Tetum,4254,1,12,238
981,NecNisiVolutpat.jpeg,230,television,386962,Bengali,1267,5,9,69
982,Lectus.tiff,233,computer,272049,English,5988,2,3,198
983,Posuere.txt,263,television,76504,Oriya,4691,2,1,29
984,Ipsum.xls,175,television,703911,Estonian,2649,3,12,76
985,Varius.avi,189,television,260252,Quechua,3941,1,13,139
986,Quisque.txt,102,computer,978053,Dutch,3471,5,1,103
987,EleifendPede.avi,199,computer,18187,Burmese,4535,5,13,125
988,Ac.jpeg,259,phone,690934,Kannada,3802,3,4,241
989,ConsequatNullaNisl.pdf,230,phone,878909,Dhivehi,3298,1,8,294
990,Elit.mp3,103,phone,469428,Hindi,854,3,5,100
991,NecNisi.mp3,298,computer,138067,Dhivehi,984,1,4,230
992,UltricesErat.ppt,186,phone,404688,Somali,917,2,9,173
993,TinciduntAnte.ppt,61,computer,263168,Azeri,5293,4,15,56
994,QuisqueUt.xls,262,television,219023,Macedonian,1289,4,8,79
995,QuisJusto.xls,58,computer,179165,Mongolian,5172,4,9,21
996,NullaNequeLibero.pdf,71,computer,566556,Armenian,703,3,9,173
997,Cum.xls,295,television,552981,Swedish,1952,1,5,8
998,AmetNulla.avi,158,computer,640353,Finnish,5627,5,6,97
999,PellentesqueVolutpatDui.jpeg,70,phone,285390,Northern Sotho,2452,2,1,236
1000,EgetNuncDonec.mp3,45,computer,584734,Tamil,3154,5,8,221
