v_videoId,v_videoFile,v_videoDuration,v_videoPlatform,v_videoViews,v_videoLanguage,v_videoCost,v_videoRegionID,v_videoDemographicID,v_videoProjectID
1,NequeLibero.ppt,90,television,59561,Pashto,747075,2,4,80
2,Integer.mp3,48,television,90132,German,991857,1,7,205
3,AmetNunc.avi,88,television,19569,Thai,96228,5,14,230
4,AtNulla.tiff,91,television,25090,Italian,963025,3,4,39
5,AnteIpsumPrimis.tiff,83,phone,54761,Thai,382246,3,11,197
6,LigulaSit.avi,68,television,76085,Quechua,343819,4,5,191
7,PorttitorLacus.tiff,67,phone,50832,Kurdish,976185,3,5,143
8,VestibulumRutrumRutrum.xls,49,computer,22661,West Frisian,90002,2,7,213
9,Justo.mp3,81,computer,30787,Georgian,491500,5,10,12
10,Vel.tiff,80,phone,40181,West Frisian,121755,1,2,219
11,FaucibusOrci.jpeg,64,phone,36595,Māori,395172,5,7,84
12,InFaucibusOrci.pdf,71,phone,71010,Montenegrin,366176,2,10,276
13,SemDuisAliquam.avi,44,computer,13259,Korean,13866,5,13,154
14,Cras.xls,81,phone,63257,Kashmiri,892224,5,14,64
15,IntegerNon.xls,37,television,81951,Afrikaans,269924,4,3,169
16,DiamIn.mp3,64,television,19488,Zulu,74760,3,5,241
17,QuamTurpisAdipiscing.ppt,33,computer,8920,Maltese,114253,5,12,200
18,Eu.mp3,47,computer,53379,French,268471,5,7,139
19,DolorMorbiVel.xls,90,television,3209,Bosnian,767140,2,1,120
20,LoremIpsum.jpeg,64,phone,2725,Norwegian,614265,3,6,87
21,UtMassa.xls,90,computer,37493,Dhivehi,990372,1,12,206
22,OdioCrasMi.png,49,television,8833,Yiddish,336297,2,14,165
23,MattisPulvinar.jpeg,74,television,27100,Somali,808174,3,10,211
24,PraesentBlanditLacinia.pdf,85,phone,22739,Bengali,674549,1,8,180
25,PurusAliquetAt.avi,38,phone,96552,Malagasy,506407,4,4,202
26,MorbiOdio.mpeg,88,phone,29164,Tetum,214259,1,10,289
27,NullaNunc.xls,34,phone,58020,Malayalam,852975,2,12,109
28,TurpisElementum.doc,53,television,46695,Guaraní,368461,3,5,223
29,AtNibhIn.txt,55,television,6922,Khmer,331087,3,14,185
30,ASuscipit.xls,44,phone,38619,Amharic,214838,3,4,124
31,UtUltricesVel.xls,65,television,23475,Czech,323312,3,6,139
32,ArcuLibero.xls,41,television,13174,Icelandic,236677,5,9,97
33,Massa.ppt,42,phone,58167,Hungarian,688865,4,2,231
34,UltricesPosuereCubilia.avi,95,computer,94259,Filipino,388544,4,14,264
35,Pellentesque.ppt,58,phone,58264,Guaraní,894355,5,6,237
36,MagnaVulputate.doc,60,phone,49441,Dzongkha,79590,3,4,122
37,Ipsum.xls,100,computer,56871,Irish Gaelic,307155,5,3,48
38,DonecQuis.xls,68,phone,55172,Haitian Creole,509861,4,11,209
39,PurusEu.mp3,64,television,11231,Indonesian,391115,5,14,48
40,Donec.png,36,phone,13291,Spanish,468337,4,14,40
41,UtAt.gif,98,computer,53384,Czech,588121,1,9,195
42,Vel.mp3,85,television,51561,Korean,461030,4,5,203
43,PellentesqueViverraPede.mp3,63,television,98804,Albanian,854697,4,3,210
44,IaculisDiamErat.xls,94,computer,31271,Hiri Motu,342414,4,8,185
45,AliquamErat.xls,31,television,19868,Quechua,988558,2,10,90
46,PedePosuereNonummy.mpeg,74,phone,28518,Indonesian,967469,2,9,151
47,Sollicitudin.jpeg,90,computer,50731,Hiri Motu,398884,4,7,118
48,ViverraEgetCongue.xls,81,television,18671,Moldovan,422210,1,2,77
49,VariusUt.ppt,78,television,74382,Dutch,181515,5,4,214
50,PurusEuMagna.txt,90,computer,27987,Assamese,286536,3,10,81
51,Risus.txt,47,television,77728,Filipino,639157,4,15,154
52,OrciEget.mp3,53,phone,98455,Greek,25445,5,3,49
53,ProinAt.avi,93,computer,11450,Northern Sotho,953538,1,9,279
54,OdioCondimentumId.txt,88,computer,95805,Mongolian,908585,3,11,160
55,PortaVolutpat.mov,31,computer,84475,West Frisian,860605,3,4,34
56,EgetNunc.ppt,31,computer,6763,Pashto,963963,4,6,63
57,AIpsum.ppt,83,television,82532,Swahili,167620,3,8,90
58,EgetTincidunt.xls,86,television,6167,Kyrgyz,911587,4,12,68
59,Interdum.ppt,53,television,81007,Tsonga,629320,1,5,96
60,Congue.xls,40,phone,59398,Malayalam,946945,2,8,124
61,DonecUtDolor.ppt,54,television,11408,Malayalam,280272,2,1,127
62,ConsequatDui.xls,95,computer,19635,Burmese,281673,4,1,64
63,NonVelitDonec.ppt,39,computer,79318,Bislama,236310,2,5,224
64,Curabitur.jpeg,68,television,87404,Arabic,839405,3,4,217
65,SemDuisAliquam.ppt,37,computer,94393,Indonesian,253699,2,14,32
66,Tincidunt.gif,89,phone,76144,Bislama,530905,2,5,30
67,Eget.mp3,65,phone,40299,Swati,781202,1,6,66
68,SapienInSapien.mpeg,37,television,8952,Lithuanian,427737,5,7,243
69,NisiVulputate.tiff,40,phone,81768,Hindi,99966,2,11,51
70,MaurisLaciniaSapien.mov,99,computer,92321,Swedish,75725,4,9,1
71,TempusSit.mpeg,88,phone,81907,Icelandic,414809,4,5,53
72,RutrumNequeAenean.mpeg,38,television,30995,Yiddish,338026,2,12,63
73,Porta.xls,80,television,47977,Latvian,179519,2,5,110
74,Nam.xls,78,television,30672,Maltese,340885,3,1,91
75,Aliquam.ppt,80,television,25393,Marathi,631070,3,6,283
76,LaciniaEgetTincidunt.png,34,television,36155,Tetum,778441,2,8,15
77,AliquamConvallis.xls,92,phone,90199,Dhivehi,81789,3,6,244
78,PretiumIaculisDiam.jpeg,40,computer,33789,Thai,410891,5,10,252
79,Iaculis.txt,66,television,38740,Swedish,74122,2,15,187
80,NullaNisl.mov,38,phone,15918,Quechua,37634,2,14,184
81,VolutpatEleifend.mp3,76,phone,84797,Burmese,789877,4,14,186
82,UtErat.jpeg,32,computer,69144,Portuguese,527777,5,13,265
83,Laoreet.doc,80,television,17453,Bislama,537048,3,13,142
84,NecSemDuis.mov,98,computer,85827,Swedish,542254,1,11,124
85,CongueEtiam.mpeg,36,computer,90504,Japanese,796492,5,2,83
86,Lacus.mp3,55,computer,50600,Thai,912025,1,1,76
87,Blandit.avi,37,phone,89791,Malay,808296,1,13,128
88,DolorMorbi.mp3,86,computer,36292,Chinese,684978,5,6,256
89,Sit.tiff,86,phone,36796,Latvian,153442,2,7,90
90,VelitEuEst.ppt,91,computer,59706,Thai,30802,2,6,160
91,LeoOdio.xls,46,computer,44885,Norwegian,266452,5,15,157
92,Nisl.mov,65,phone,21503,New Zealand Sign Language,286231,4,3,184
93,Porta.avi,92,phone,13331,Bulgarian,313497,1,9,36
94,MaurisLacinia.mp3,53,television,2633,Tamil,618935,1,11,244
95,AtIpsumAc.mp3,50,computer,5372,Belarusian,121508,3,4,292
96,Molestie.ppt,86,phone,66702,Albanian,681092,1,4,210
97,Blandit.tiff,63,computer,30459,Icelandic,480330,3,3,240
98,NonLigulaPellentesque.mpeg,69,computer,74397,Māori,287547,1,6,196
99,CrasMiPede.png,94,phone,50304,Kannada,694488,5,7,105
100,Consectetuer.avi,69,phone,15167,Spanish,553753,2,7,53
101,Dictumst.jpeg,37,phone,61824,Burmese,296688,4,5,175
102,Quisque.xls,73,television,1132,Thai,41029,2,12,224
103,IpsumDolor.jpeg,55,phone,31055,Bengali,702391,3,8,262
104,ErosElementumPellentesque.pdf,39,television,90367,Swedish,358400,3,7,220
105,TurpisAdipiscing.mp3,75,television,86153,Tsonga,188848,2,10,221
106,Interdum.png,96,phone,38937,Estonian,768439,1,11,94
107,ConvallisNulla.ppt,47,television,23893,Northern Sotho,698602,2,6,255
108,RutrumNulla.ppt,40,phone,78442,Dhivehi,947263,3,15,115
109,DuiNecNisi.mov,60,television,17996,Azeri,582557,3,3,114
110,SedMagna.jpeg,94,television,6025,Norwegian,185189,1,7,112
111,NullaMollis.mov,91,computer,31101,Catalan,205313,2,4,296
112,TurpisEgetElit.ppt,54,computer,14035,Māori,45355,4,15,12
113,NamTristiqueTortor.txt,62,phone,15018,Hiri Motu,948965,4,14,218
114,ElementumInHac.mp3,80,computer,89645,Lao,511500,4,2,166
115,NecNisi.mpeg,65,television,48448,Kazakh,574073,5,9,209
116,AugueAliquam.mpeg,76,phone,90754,Malayalam,756945,3,8,152
117,CrasIn.mpeg,30,computer,34406,Assamese,200654,5,13,92
118,NibhInLectus.avi,87,television,59891,Afrikaans,339731,2,10,182
119,Bibendum.txt,53,computer,46479,Portuguese,728385,1,4,97
120,Leo.txt,77,television,15202,Croatian,319473,1,1,246
121,SedVelEnim.xls,34,phone,42677,Persian,951915,2,11,8
122,BibendumImperdietNullam.xls,88,television,39377,Hiri Motu,849182,2,9,151
123,OrciEget.txt,52,computer,76849,Dutch,793879,4,9,284
124,UltricesEnim.xls,86,computer,52836,Macedonian,370540,3,6,276
125,Quis.xls,92,television,62713,Aymara,804150,2,8,262
126,EleifendQuamA.tiff,78,television,13477,Quechua,93577,4,1,36
127,In.mp3,57,phone,67467,Dzongkha,87037,1,8,116
128,PlaceratPraesentBlandit.avi,44,television,27331,Danish,65186,4,4,100
129,DuiVel.ppt,40,phone,13270,Italian,108149,2,13,126
130,SemperSapienA.avi,83,television,27267,Haitian Creole,346558,4,3,163
131,AnteIpsum.gif,67,phone,83698,Haitian Creole,824047,2,14,16
132,Tortor.avi,57,television,73029,Hindi,791548,2,14,155
133,DuiMaecenas.pdf,53,computer,45145,Gujarati,492861,2,9,276
134,NecNisiVolutpat.mpeg,98,television,89360,Italian,714447,1,7,52
135,PharetraMagna.xls,79,phone,72043,Spanish,929668,3,8,104
136,BibendumImperdiet.avi,82,television,34108,French,389890,3,12,89
137,UltricesPosuereCubilia.xls,85,phone,11152,Gagauz,889940,4,15,65
138,PortaVolutpat.avi,36,computer,45994,Latvian,667664,2,1,131
139,Sem.doc,73,television,16124,Aymara,399776,2,11,103
140,Vestibulum.xls,42,phone,48908,Armenian,551731,4,4,223
141,ConsequatNulla.mp3,56,television,14292,Moldovan,534259,2,5,211
142,Praesent.xls,32,phone,6134,Tswana,553211,1,14,169
143,ElitProinRisus.mov,30,phone,43323,Tsonga,178366,2,15,281
144,Vitae.ppt,63,phone,39508,Sotho,156384,1,8,166
145,ConsectetuerAdipiscing.mp3,99,phone,40333,Kazakh,633709,5,1,226
146,PenatibusEt.ppt,53,computer,52149,Hindi,586947,4,7,66
147,SapienDignissim.ppt,41,phone,59019,German,629774,1,1,191
148,Diam.avi,69,television,51124,Bulgarian,405541,1,3,159
149,Blandit.gif,52,computer,62093,Dzongkha,910222,2,8,63
150,MagnaAtNunc.txt,33,computer,69749,Northern Sotho,263056,1,8,242
151,AtTurpis.mp3,37,computer,24858,Moldovan,416918,5,14,210
152,PedeJusto.ppt,94,television,12702,Tamil,802520,2,9,77
153,FelisFuscePosuere.xls,30,phone,45310,Yiddish,722931,5,4,235
154,RutrumRutrumNeque.ppt,69,computer,1288,New Zealand Sign Language,567452,2,6,91
155,SemperRutrum.tiff,54,phone,3539,Hebrew,339117,3,10,103
156,Semper.png,66,television,8631,Quechua,662590,3,6,237
157,SedSagittisNam.ppt,38,television,15687,Marathi,451096,5,6,289
158,Lorem.mp3,72,television,76519,Icelandic,822672,2,12,106
159,DiamIn.gif,96,computer,47367,Catalan,551206,4,10,52
160,ConsequatIn.mp3,53,computer,61573,Hindi,561125,5,13,252
161,CurabiturGravida.txt,73,computer,39904,Papiamento,588377,5,12,275
162,HacHabitasse.ppt,72,television,29289,Mongolian,829716,1,13,105
163,NecNisiVolutpat.png,93,television,45877,Sotho,137954,5,14,86
164,SedNisl.tiff,80,phone,12651,Gujarati,599149,5,5,290
165,PraesentBlandit.doc,36,computer,55572,Bislama,987102,2,9,256
166,Et.mpeg,48,television,9,Latvian,888784,4,8,63
167,PulvinarLobortis.ppt,84,phone,92301,Irish Gaelic,67435,1,8,240
168,Morbi.ppt,31,television,32605,Latvian,733035,2,9,153
169,PenatibusEtMagnis.mov,85,phone,94122,Bosnian,129156,3,3,100
170,InTempus.avi,30,phone,50667,Northern Sotho,539688,1,12,51
171,Duis.xls,86,computer,48239,Dari,185333,1,14,112
172,PurusSit.avi,67,computer,55799,Haitian Creole,44828,5,10,171
173,Vehicula.mp3,89,television,61679,Fijian,901622,2,1,67
174,Proin.mp3,61,phone,21092,Spanish,316412,4,14,38
175,JustoMorbi.tiff,52,television,63650,Finnish,277548,2,10,221
176,UrnaUtTellus.mp3,55,phone,44875,Japanese,57892,3,8,156
177,OdioCras.gif,93,phone,22859,Spanish,705454,4,13,111
178,Magnis.mpeg,39,computer,95134,Bosnian,935094,5,4,144
179,BlanditLacinia.jpeg,55,computer,86400,Tamil,377414,2,12,50
180,IpsumPraesent.xls,70,computer,26613,Burmese,696140,3,2,21
181,MorbiVel.mov,58,television,53423,Afrikaans,257209,4,2,255
182,OdioJusto.jpeg,77,computer,57175,Italian,4052,2,14,235
183,Tristique.ppt,65,television,95390,Māori,916167,1,2,44
184,Sed.ppt,86,phone,73606,Tswana,120421,3,6,171
185,AdipiscingMolestie.xls,56,television,29949,Afrikaans,703518,2,12,200
186,LobortisLigula.avi,91,television,67342,Lithuanian,155609,4,15,136
187,EtTempusSemper.tiff,42,phone,73802,Tswana,101939,4,8,32
188,Sapien.xls,88,computer,78691,Irish Gaelic,293043,5,9,154
189,DolorVel.png,83,computer,32393,Polish,279719,1,9,233
190,VestibulumAnteIpsum.jpeg,61,television,89230,Danish,201251,1,10,81
191,TinciduntNulla.tiff,63,television,48909,Kurdish,772679,5,4,183
192,EgetNunc.mp3,44,phone,23841,Bosnian,392392,2,7,228
193,NecMolestieSed.mp3,93,television,35932,Afrikaans,140528,3,12,169
194,Nisl.txt,40,phone,8246,Oriya,12218,3,8,215
195,ImperdietNullam.mpeg,75,television,7375,Spanish,943815,5,11,131
196,ALibero.xls,88,television,55999,Hindi,167539,2,10,52
197,DisParturientMontes.tiff,83,computer,85029,West Frisian,476072,5,13,131
198,MaecenasRhoncusAliquam.jpeg,54,computer,25330,Macedonian,823768,5,2,244
199,QuamFringillaRhoncus.ppt,54,television,80304,Czech,532795,2,15,22
200,JustoNecCondimentum.avi,37,computer,58331,Kurdish,724032,5,14,41
201,SapienSapienNon.avi,94,computer,55480,Indonesian,182745,2,1,51
202,VestibulumAnte.pdf,48,television,5944,Zulu,807490,1,13,203
203,PosuereMetusVitae.mpeg,93,television,83029,Gagauz,579751,2,1,235
204,ConsequatVariusInteger.ppt,98,phone,846,Bosnian,378321,1,5,56
205,DuisBibendumMorbi.ppt,35,phone,71450,Croatian,754013,3,12,291
206,AtFeugiat.xls,59,phone,64415,Fijian,384184,1,4,292
207,LuctusEt.avi,68,phone,65612,Montenegrin,806952,5,12,164
208,SuscipitLigulaIn.mpeg,38,computer,52779,Ndebele,965812,2,6,131
209,TristiqueEstEt.tiff,39,phone,33421,Azeri,385758,2,2,82
210,Elit.tiff,96,computer,89302,Swati,636228,1,14,107
211,AugueA.tiff,85,phone,86898,Hungarian,114497,2,3,184
212,MaurisMorbi.avi,66,phone,40026,Haitian Creole,435305,4,10,236
213,MagnaVulputate.jpeg,46,computer,68792,Dutch,463090,3,14,198
214,Interdum.xls,92,television,62940,Portuguese,167706,4,3,179
215,CommodoVulputateJusto.tiff,37,phone,28546,Croatian,671907,2,7,142
216,RisusDapibusAugue.txt,44,phone,45981,Chinese,768457,5,8,113
217,NullaNuncPurus.xls,59,television,55351,Hiri Motu,100234,4,3,64
218,MaurisLaciniaSapien.ppt,54,computer,92469,Latvian,858116,5,9,221
219,AcNibh.mpeg,87,computer,97872,Malayalam,9983,5,5,247
220,Non.mp3,49,computer,80777,Amharic,103440,4,5,112
221,EratQuisque.gif,99,television,89178,Icelandic,198066,4,11,120
222,VivamusVestibulum.gif,88,phone,95642,Tswana,13663,1,5,300
223,PenatibusEt.xls,88,computer,81205,Māori,776265,3,5,154
224,Lacus.xls,32,phone,96074,Papiamento,642626,1,4,51
225,LeoOdioCondimentum.mp3,100,television,33801,English,535177,4,7,37
226,InterdumInAnte.ppt,50,phone,74596,Albanian,255307,2,14,210
227,Viverra.mp3,91,phone,78066,Telugu,223464,4,6,279
228,Aliquet.xls,49,phone,91845,Macedonian,718607,5,3,270
229,CongueElementumIn.png,49,television,62435,Aymara,24111,2,9,37
230,UltricesPhasellus.pdf,37,phone,9023,Mongolian,483214,4,7,111
231,Ut.xls,96,television,50461,Greek,269748,5,1,258
232,Cursus.png,42,phone,50424,Georgian,167868,4,11,298
233,Etiam.ppt,90,phone,18083,Azeri,225720,1,14,195
234,Eu.avi,38,computer,15736,Swahili,497040,3,10,33
235,PrimisIn.avi,76,phone,84581,Northern Sotho,939782,1,1,2
236,FaucibusOrciLuctus.xls,53,phone,46077,Greek,708454,1,4,275
237,Condimentum.jpeg,54,phone,27039,Greek,618741,2,5,103
238,PellentesqueQuisquePorta.gif,71,television,97564,Northern Sotho,243033,4,1,163
239,SitAmetCursus.pdf,39,phone,95712,Malayalam,791813,5,13,77
240,Curae.png,41,television,32970,Danish,938977,3,12,191
241,ElitProin.avi,80,television,76241,Burmese,344080,5,7,174
242,Ultrices.pdf,49,computer,96766,Kannada,982478,4,11,90
243,Pulvinar.gif,40,television,38092,German,590448,3,14,247
244,Leo.jpeg,43,television,10596,Albanian,450598,3,9,264
245,Sapien.avi,100,television,94439,Chinese,95504,2,7,120
246,UtMaurisEget.ppt,40,television,81898,Malayalam,518294,4,11,116
247,VenenatisTurpis.mpeg,41,phone,50848,English,423406,3,13,149
248,PotentiNullam.mp3,57,television,89633,Malayalam,91624,3,3,250
249,PrimisIn.xls,45,phone,61711,Tswana,497971,3,9,69
250,FaucibusOrciLuctus.jpeg,88,phone,8595,Hebrew,408074,4,14,76
251,TurpisInteger.xls,89,computer,25866,Icelandic,6675,3,4,59
252,Non.avi,75,computer,98830,Czech,955756,4,2,194
253,PorttitorIdConsequat.mp3,92,television,83469,Burmese,711889,3,14,129
254,OrciLuctusEt.tiff,42,phone,98142,Fijian,719212,2,12,49
255,Consequat.xls,77,phone,66098,Maltese,687070,5,13,88
256,AtNullaSuspendisse.doc,67,television,98365,Arabic,887255,5,9,237
257,QuisTurpisEget.mpeg,94,television,83899,Albanian,34115,3,15,123
258,Odio.jpeg,35,phone,89560,Macedonian,951330,4,12,228
259,Vel.png,32,computer,86778,Mongolian,396240,3,12,2
260,CuraeDuisFaucibus.mp3,59,phone,24667,Swahili,961532,2,13,77
261,SitAmetJusto.doc,53,phone,55739,Tetum,697185,4,15,11
262,NuncVestibulum.mp3,68,television,88741,Dari,865302,4,14,56
263,EgetVulputate.jpeg,99,computer,45922,Tetum,419143,1,4,69
264,MollisMolestie.mov,44,phone,93306,Northern Sotho,686947,2,4,208
265,Vestibulum.avi,78,computer,32722,Hiri Motu,252557,4,7,150
266,AugueVestibulumAnte.jpeg,86,television,24459,West Frisian,302936,5,6,9
267,MaurisMorbi.mp3,74,television,78624,Georgian,618779,4,14,209
268,ParturientMontes.avi,65,computer,65451,Spanish,393480,1,13,211
269,Erat.xls,55,television,56258,Nepali,171092,1,10,16
270,Libero.jpeg,77,phone,25829,Bulgarian,810004,3,5,19
271,DonecQuis.jpeg,35,computer,32727,Northern Sotho,34476,4,11,92
272,CurabiturConvallisDuis.mp3,97,computer,37121,Tamil,728362,3,5,94
273,TellusNulla.txt,37,phone,59122,Armenian,854731,4,14,249
274,Amet.mpeg,44,phone,62446,Guaraní,602410,2,7,255
275,VelitIdPretium.avi,96,phone,35417,Pashto,712410,4,12,157
276,Blandit.avi,49,phone,71800,Croatian,122489,4,13,272
277,LuctusEtUltrices.xls,76,television,45462,Sotho,459593,3,11,255
278,Nisl.ppt,33,television,66180,Italian,173292,3,1,276
279,Pulvinar.ppt,69,television,65555,Catalan,960530,3,4,134
280,NecSem.mpeg,73,computer,14744,Kashmiri,187227,4,1,284
281,Cras.ppt,44,phone,59727,Moldovan,923407,4,1,116
282,PharetraMagna.xls,36,computer,4537,Fijian,978133,2,10,111
283,LiberoQuisOrci.gif,61,television,85349,Tswana,355985,3,14,165
284,Metus.tiff,88,television,50030,Italian,559177,4,6,168
285,Iaculis.jpeg,70,computer,95861,Kyrgyz,473732,4,15,180
286,Lobortis.xls,71,computer,82451,Swahili,254373,3,6,151
287,ProinInterdum.ppt,84,phone,30831,Quechua,646040,2,12,214
288,DuisAc.gif,53,phone,96381,Aymara,529213,3,7,184
289,VelAccumsan.txt,34,television,38304,Korean,633785,1,12,122
290,Tempus.avi,96,phone,14270,Māori,998065,3,9,77
291,ImperdietEt.mp3,76,phone,95759,Hindi,97992,3,10,267
292,PosuereCubilia.avi,34,computer,25205,Norwegian,169210,4,13,51
293,Neque.avi,55,television,96092,Papiamento,878406,2,1,109
294,SagittisDuiVel.xls,71,computer,73651,Mongolian,324983,4,12,133
295,Vestibulum.jpeg,38,computer,83761,Tetum,334117,5,5,82
296,LiberoNam.mp3,31,television,57313,Aymara,913334,3,6,281
297,Ut.avi,94,television,79265,Northern Sotho,185742,5,1,297
298,In.avi,48,television,15540,Malagasy,517980,5,10,42
299,VestibulumProinEu.pdf,60,computer,96769,Nepali,20612,2,7,247
300,Semper.png,48,computer,67749,Aymara,494502,4,4,235
301,PulvinarNulla.tiff,82,computer,63857,Azeri,903251,2,10,46
302,EstRisusAuctor.gif,86,television,60622,Quechua,725274,1,6,285
303,MaurisUllamcorperPurus.gif,68,television,69617,Montenegrin,648161,4,12,247
304,LeoPellentesque.mov,60,computer,93007,Czech,734496,5,12,38
305,NecMolestieSed.xls,62,computer,43550,Lithuanian,726673,4,1,146
306,ElementumIn.mp3,49,computer,22517,Greek,696876,5,5,184
307,DuisAliquamConvallis.ppt,72,computer,51222,Ndebele,817238,1,13,264
308,Eget.ppt,41,phone,4262,Kurdish,308910,4,8,259
309,NibhFusceLacus.ppt,72,computer,250,Arabic,700468,2,7,79
310,AccumsanTellus.ppt,43,phone,30926,Yiddish,895691,3,3,148
311,CumSociisNatoque.pdf,99,phone,79324,Moldovan,230721,4,7,290
312,Nulla.mp3,41,phone,35289,Lao,256774,2,6,198
313,MaurisLaoreetUt.ppt,41,television,8022,Burmese,952436,3,13,258
314,Ultrices.xls,70,computer,92719,Quechua,386446,4,3,6
315,DiamInMagna.mp3,94,phone,39835,Filipino,945532,4,8,277
316,TristiqueFusceCongue.ppt,71,television,98686,Croatian,670729,1,12,292
317,Nibh.avi,31,television,97715,Portuguese,509030,1,8,132
318,Sociis.avi,49,phone,6341,Albanian,738694,5,8,225
319,AmetDiamIn.xls,82,computer,74437,Thai,792493,4,13,203
320,LacusMorbi.mp3,64,computer,93155,Swedish,103842,5,1,144
321,Interdum.tiff,86,phone,21676,Dutch,647797,1,9,63
322,Primis.xls,57,television,63126,German,7250,3,7,192
323,NullaInteger.avi,93,phone,17563,Georgian,442316,1,14,223
324,Non.ppt,64,television,52433,English,14423,2,5,149
325,SollicitudinUtSuscipit.avi,72,phone,38136,Haitian Creole,418195,3,8,150
326,DictumstMorbi.avi,65,phone,3508,Italian,745590,4,12,136
327,Eleifend.mov,58,television,67001,Pashto,447267,3,5,204
328,OdioConsequatVarius.pdf,54,phone,1596,Albanian,498410,5,3,204
329,Eu.xls,39,computer,14216,Northern Sotho,652696,1,2,50
330,Sit.mp3,42,television,67519,Danish,474317,2,10,112
331,Felis.tiff,90,computer,67630,Indonesian,476932,1,9,242
332,Nec.avi,66,television,3957,Romanian,254760,3,3,25
333,PellentesqueQuisquePorta.avi,64,phone,1389,Hebrew,397318,2,15,178
334,EnimLorem.mp3,87,computer,43818,Malay,931949,1,3,55
335,EstDonec.xls,61,television,87793,Papiamento,563817,1,15,46
336,LectusPellentesqueEget.mp3,81,television,48484,Fijian,375752,5,13,110
337,EratVolutpatIn.doc,73,computer,21443,Kannada,100971,5,15,170
338,ViverraEget.avi,67,phone,40005,German,647087,3,7,131
339,VenenatisTurpisEnim.xls,41,television,4003,Oriya,360421,1,7,203
340,AmetEleifend.ppt,69,television,80117,Hindi,578266,2,7,245
341,PraesentIdMassa.ppt,57,phone,26440,Filipino,888207,2,3,196
342,SemperRutrumNulla.xls,99,television,69931,Belarusian,501066,2,12,32
343,ErosViverra.ppt,86,television,81047,Northern Sotho,788136,5,9,112
344,MorbiVestibulumVelit.gif,32,television,93348,Swedish,503652,2,4,183
345,BibendumFelisSed.ppt,57,phone,18445,Indonesian,515146,4,11,264
346,SollicitudinUt.avi,77,television,78353,Tajik,732105,3,9,79
347,In.xls,50,television,73282,Malay,562102,1,2,176
348,Ante.ppt,71,computer,47923,Montenegrin,11304,2,5,70
349,VariusInteger.avi,87,television,76730,Bosnian,648008,1,3,203
350,OrciEget.txt,89,television,10475,Dzongkha,990941,2,1,121
351,TristiqueEst.mpeg,55,phone,82388,Maltese,846912,2,15,8
352,DuisFaucibus.xls,94,computer,7837,Guaraní,186093,1,15,101
353,VulputateNonummyMaecenas.png,74,phone,93117,Tswana,196158,4,12,139
354,Placerat.avi,54,television,43726,Dari,236430,2,6,203
355,Est.ppt,69,phone,95904,Khmer,856847,3,12,299
356,Adipiscing.tiff,40,computer,28770,Lao,682065,4,1,173
357,DapibusAt.xls,92,computer,97684,Burmese,812622,2,3,28
358,AccumsanTortorQuis.ppt,62,computer,17694,Swedish,579221,4,12,191
359,FaucibusOrci.tiff,48,phone,8087,Malagasy,511060,2,10,130
360,AeneanAuctorGravida.avi,80,television,63331,Swedish,225699,4,4,178
361,AtFeugiat.gif,87,television,26751,Swati,816946,5,1,298
362,NullaUt.tiff,61,television,10432,Marathi,848259,3,6,164
363,HacHabitassePlatea.tiff,53,phone,8071,Malagasy,656136,1,9,89
364,Nibh.jpeg,35,television,28680,Armenian,442540,3,2,114
365,NamNullaInteger.mov,44,television,64676,Assamese,548823,1,6,52
366,VelDapibus.xls,70,phone,55200,Northern Sotho,863865,1,9,174
367,InPurusEu.jpeg,71,television,1783,Azeri,67874,4,2,69
368,Ut.txt,91,television,9380,Hebrew,946003,3,14,200
369,A.xls,48,phone,92299,Malay,467024,3,11,176
370,Massa.xls,71,phone,6994,Tswana,261644,2,9,219
371,FelisSedInterdum.jpeg,62,phone,78834,Marathi,35968,1,1,13
372,OrciEget.jpeg,77,television,72688,Chinese,346085,2,11,264
373,NislDuis.pdf,72,phone,74933,Yiddish,180152,1,5,77
374,PharetraMagnaAc.xls,93,television,78418,Albanian,831769,5,4,253
375,Id.xls,89,computer,83908,Khmer,20114,1,4,233
376,SemFusceConsequat.ppt,52,television,79854,Estonian,921307,3,2,170
377,AmetCursusId.mpeg,65,phone,43763,Polish,234770,2,15,91
378,AnteIpsumPrimis.mov,39,television,30833,Kurdish,46978,4,7,129
379,SapienVariusUt.mov,32,television,78837,Burmese,512708,3,1,32
380,Rhoncus.xls,99,phone,10289,Quechua,817843,5,3,262
381,MaecenasPulvinarLobortis.xls,40,phone,68498,Papiamento,413856,1,12,245
382,ScelerisqueMauris.pdf,75,phone,65313,Malagasy,787925,3,7,138
383,UtMaurisEget.avi,52,phone,99163,Italian,549703,3,9,120
384,VivamusIn.ppt,51,television,3911,Irish Gaelic,224661,4,11,57
385,DisParturient.jpeg,61,phone,10825,Māori,863198,2,2,18
386,Nisi.tiff,48,phone,81075,Tsonga,839661,1,6,292
387,Sit.ppt,85,phone,66135,Tamil,117777,1,8,71
388,FringillaRhoncusMauris.mp3,82,phone,43347,Romanian,127934,4,13,48
389,Fusce.mp3,89,television,95606,Czech,321803,4,6,120
390,Turpis.jpeg,60,television,67322,Tetum,784296,5,1,86
391,Ante.jpeg,91,phone,592,New Zealand Sign Language,232555,2,2,300
392,InPorttitor.xls,37,television,30025,Bosnian,976287,2,8,197
393,Varius.jpeg,86,computer,50319,Tetum,988616,3,11,101
394,Curae.jpeg,49,phone,56134,Tok Pisin,893431,5,15,25
395,FuscePosuere.ppt,36,computer,39938,Kyrgyz,781912,5,12,188
396,VestibulumRutrum.xls,95,television,22896,Polish,466107,1,5,281
397,RisusSemperPorta.jpeg,69,television,41307,Tsonga,479941,4,6,251
398,DictumstEtiam.avi,67,computer,92472,Dutch,251476,4,2,120
399,VelAugueVestibulum.xls,77,phone,20603,English,336487,2,3,60
400,Vivamus.pdf,90,computer,68965,Thai,63297,2,11,189
401,Accumsan.jpeg,94,television,72100,Catalan,505013,5,13,127
402,VolutpatConvallis.mpeg,55,phone,99795,Quechua,438062,3,11,237
403,DiamEratFermentum.avi,96,television,90626,Japanese,576251,3,7,139
404,MattisPulvinarNulla.xls,58,computer,26481,Macedonian,220688,2,13,79
405,SedAccumsanFelis.pdf,82,computer,12237,German,57119,3,8,184
406,Tristique.mov,90,phone,44212,Italian,311112,3,8,203
407,Sed.jpeg,57,television,97862,Ndebele,305991,2,15,133
408,Eu.avi,72,television,70303,Malay,550496,2,11,7
409,NonMattisPulvinar.avi,42,phone,50689,Czech,696602,5,14,270
410,TurpisEnim.ppt,40,television,57087,Afrikaans,203392,1,4,276
411,AIpsum.avi,37,television,88350,Moldovan,429555,4,11,124
412,EgetRutrum.pdf,43,computer,73273,Hungarian,489598,3,12,15
413,NuncViverra.ppt,53,television,67622,Malagasy,955533,4,14,75
414,ElementumPellentesque.avi,73,television,13257,Hindi,561659,4,6,15
415,FusceConsequat.xls,46,computer,33454,Chinese,878132,5,8,63
416,EgetEleifend.txt,51,phone,52131,Sotho,870897,1,6,30
417,Odio.jpeg,80,television,22129,Kyrgyz,214565,5,12,167
418,SemperPorta.mov,43,phone,26528,Danish,768884,4,2,132
419,Sapien.avi,42,phone,87219,Estonian,100420,3,1,151
420,PotentiNullamPorttitor.mpeg,70,television,50945,Luxembourgish,558801,2,3,67
421,LiberoNam.mov,93,television,21870,Malay,810556,1,13,77
422,Rutrum.ppt,93,computer,71656,Japanese,129324,2,1,78
423,Interdum.avi,86,phone,68717,Punjabi,763412,2,13,5
424,InImperdiet.mpeg,47,television,80765,Icelandic,494017,4,12,138
425,AcNulla.xls,55,computer,44269,Tswana,224102,2,2,43
426,NequeLiberoConvallis.png,31,phone,91061,Khmer,775153,2,2,90
427,VolutpatErat.txt,97,phone,82138,Lao,305801,5,13,207
428,NonummyMaecenas.pdf,52,television,11690,Latvian,134021,3,12,143
429,VelitNecNisi.ppt,64,television,48053,Dzongkha,16587,5,4,173
430,DuisMattis.mpeg,38,phone,61643,Tok Pisin,647240,2,12,156
431,Pellentesque.ppt,37,computer,76666,Sotho,143483,4,2,61
432,Nulla.xls,68,computer,8969,Indonesian,380760,2,10,228
433,Sit.ppt,60,phone,29127,Chinese,364439,3,14,48
434,VestibulumVestibulum.avi,62,television,47440,Japanese,221460,3,3,246
435,MaurisVulputateElementum.xls,97,phone,30303,Finnish,262779,2,6,210
436,VivamusVestibulum.mp3,100,phone,2160,Tok Pisin,89629,1,14,205
437,UltricesPosuereCubilia.xls,75,television,6797,Marathi,910482,3,6,86
438,VestibulumVelitId.avi,71,computer,92100,Kurdish,606049,3,2,70
439,NullaUltrices.ppt,37,television,89789,Malay,563392,4,10,262
440,LacusAt.mp3,67,television,87579,Korean,168147,1,10,84
441,NislUt.avi,37,computer,68062,Korean,726352,2,4,167
442,VestibulumSedMagna.tiff,91,television,92738,Filipino,470800,5,7,96
443,CurabiturAtIpsum.avi,51,television,59527,New Zealand Sign Language,580398,3,7,193
444,Augue.gif,89,computer,21515,Telugu,837968,3,5,44
445,Maecenas.txt,55,phone,57650,Somali,529796,4,13,260
446,MaurisSitAmet.xls,88,television,4278,Gagauz,68487,5,4,156
447,SemSedSagittis.doc,43,computer,13129,Danish,272386,4,2,60
448,MaecenasTinciduntLacus.avi,79,television,7974,Pashto,983152,1,9,250
449,LigulaIn.ppt,35,television,95971,Persian,317223,3,10,61
450,VivamusMetusArcu.ppt,42,television,37696,Filipino,611306,1,10,148
451,CondimentumNequeSapien.xls,31,phone,80618,Assamese,342042,5,4,64
452,DonecDiam.doc,83,phone,83866,Moldovan,598403,1,14,269
453,TellusNulla.mp3,64,phone,72902,Armenian,799653,1,2,16
454,NuncPurusPhasellus.mp3,79,phone,5951,Spanish,305149,1,1,283
455,VelitVivamus.png,63,television,3506,Filipino,614381,3,5,173
456,NonLectus.ppt,98,computer,39450,Dari,667619,1,15,230
457,UltricesPosuereCubilia.xls,31,phone,37894,Finnish,46661,3,2,50
458,FaucibusOrciLuctus.avi,69,phone,52906,Dzongkha,528829,2,1,116
459,EuFelis.mp3,33,computer,73324,West Frisian,411458,5,13,281
460,VehiculaConsequat.ppt,49,phone,39094,Gagauz,185579,3,13,217
461,MolestieSedJusto.avi,93,phone,30222,Portuguese,137688,5,4,229
462,Erat.xls,39,phone,10151,Yiddish,396686,2,10,244
463,UtSuscipitA.jpeg,42,phone,83836,Yiddish,613090,5,4,263
464,CursusId.tiff,88,computer,22585,Assamese,143316,1,3,40
465,EtMagnis.tiff,46,television,65154,Tok Pisin,864155,3,15,201
466,InFaucibus.avi,84,television,92053,Tsonga,994544,3,15,164
467,CursusUrna.jpeg,42,computer,12654,Spanish,741341,5,9,130
468,Condimentum.ppt,56,television,98700,Tok Pisin,973004,2,9,162
469,UltricesPosuere.avi,99,phone,54735,French,727724,1,1,71
470,Laoreet.gif,76,phone,76928,Punjabi,904787,1,10,90
471,NisiVenenatisTristique.ppt,51,television,73480,Kyrgyz,613221,1,15,86
472,LaciniaErat.mp3,55,phone,19278,Malagasy,282101,4,7,260
473,Convallis.doc,81,television,16277,Korean,510819,4,14,24
474,Nunc.xls,98,computer,11831,Bengali,643035,1,10,105
475,DonecOdio.xls,58,phone,44004,Somali,273758,2,8,158
476,Integer.ppt,60,computer,18601,Swati,130032,5,9,83
477,CuraeNullaDapibus.ppt,75,computer,72464,Georgian,857735,4,5,214
478,MetusVitae.xls,43,computer,91434,Tetum,142039,2,2,99
479,HabitassePlateaDictumst.tiff,83,computer,64729,Montenegrin,836688,5,5,142
480,Penatibus.mp3,77,phone,20130,Fijian,352608,2,11,77
481,DiamErat.avi,93,phone,24627,Tswana,788674,1,11,162
482,LaciniaAeneanSit.mp3,95,computer,89800,Bislama,965644,2,1,20
483,Pharetra.png,80,computer,80000,Bislama,395100,4,12,84
484,DapibusAtDiam.xls,33,television,87942,Finnish,661590,5,5,134
485,DapibusDuis.mp3,95,phone,43000,Khmer,556520,1,11,19
486,Nullam.avi,58,phone,5722,Armenian,92056,1,6,196
487,DictumstMaecenasUt.xls,64,phone,65983,Montenegrin,456598,1,4,280
488,In.xls,89,phone,8049,Kannada,712262,5,6,175
489,Venenatis.tiff,71,television,98083,Portuguese,538900,1,1,260
490,Consequat.tiff,54,computer,55052,Belarusian,610606,4,12,198
491,AOdio.mp3,77,television,52977,Chinese,443826,2,6,86
492,Amet.pdf,54,computer,28629,Dzongkha,791982,2,13,20
493,AnteVelIpsum.ppt,51,phone,44213,Danish,797147,4,5,163
494,SagittisNam.jpeg,85,television,52209,Kazakh,64188,4,4,185
495,NisiNamUltrices.avi,76,television,48137,Lao,383932,1,6,42
496,Nascetur.mpeg,30,computer,38106,Moldovan,857535,4,14,60
497,FringillaRhoncusMauris.mpeg,68,phone,54876,Somali,885479,2,9,171
498,Volutpat.xls,96,television,17531,Hebrew,71785,5,6,289
499,MassaTemporConvallis.mp3,34,television,60899,Georgian,60382,1,13,74
500,AdipiscingLoremVitae.xls,30,computer,17970,Hungarian,501888,3,11,113
501,Faucibus.doc,82,television,16889,Lithuanian,958974,1,7,55
502,Ut.avi,96,phone,17351,Khmer,765967,2,6,103
503,SuscipitNullaElit.tiff,53,television,17973,Armenian,279666,5,7,90
504,Non.jpeg,67,phone,1076,Norwegian,15856,1,7,177
505,Aliquam.avi,72,television,37588,Tajik,729635,3,11,53
506,SapienArcuSed.ppt,88,computer,30774,Afrikaans,23024,4,9,44
507,DiamCras.tiff,94,computer,40035,Māori,574299,3,10,213
508,AtNullaSuspendisse.txt,50,computer,36158,Dhivehi,595980,4,1,85
509,LacusAtVelit.xls,35,television,29930,Lithuanian,256317,4,12,117
510,TinciduntLacusAt.txt,90,computer,4026,Gagauz,491109,4,8,178
511,Lobortis.txt,48,television,3475,Amharic,95871,2,14,114
512,Commodo.mov,99,phone,53974,Greek,670051,2,1,56
513,SagittisNam.xls,93,computer,13119,Telugu,523285,5,7,284
514,UtMassaVolutpat.jpeg,71,television,15466,English,959089,2,4,140
515,PhasellusIdSapien.avi,44,television,67744,Icelandic,395456,4,12,133
516,CommodoPlaceratPraesent.ppt,53,computer,52253,Arabic,62038,4,13,161
517,LectusPellentesque.xls,51,phone,76669,Bislama,946738,5,5,113
518,CrasMi.xls,34,computer,83656,Swedish,188199,3,9,90
519,IntegerAc.mp3,76,phone,33055,Luxembourgish,718297,3,9,170
520,NonPretiumQuis.avi,67,television,60690,Moldovan,309300,4,1,286
521,TurpisEnimBlandit.avi,50,television,19331,Assamese,173925,4,7,174
522,LectusPellentesqueAt.avi,48,phone,56079,Malagasy,368490,4,8,54
523,AliquamConvallisNunc.mp3,57,computer,75611,Albanian,90017,2,1,16
524,LacusMorbi.png,65,phone,71594,Albanian,937346,4,7,113
525,Donec.mp3,30,television,83394,Moldovan,179306,2,6,73
526,ElitProin.jpeg,75,phone,86312,Tsonga,218197,3,7,300
527,SitAmet.xls,74,phone,76071,Belarusian,671344,4,10,124
528,CondimentumIdLuctus.mp3,64,computer,22705,Italian,82335,4,7,62
529,NislVenenatis.pdf,51,computer,57992,Latvian,171707,2,3,263
530,ALiberoNam.avi,37,television,69424,Hebrew,755210,2,12,277
531,SitAmet.ppt,91,phone,7414,Punjabi,714334,3,15,149
532,Mi.avi,40,television,90284,Haitian Creole,454936,3,11,237
533,IpsumPrimisIn.mp3,66,computer,33583,Sotho,336029,2,4,145
534,FelisEuSapien.mov,84,computer,39453,Malayalam,126176,3,2,132
535,Nisl.mov,40,computer,91747,Quechua,484745,1,6,61
536,Justo.tiff,50,computer,16917,Māori,998016,2,4,193
537,Eget.ppt,77,computer,48549,Lithuanian,783642,3,3,14
538,EtiamPretium.pdf,94,television,14025,Filipino,591832,4,11,178
539,NamNullaInteger.xls,76,computer,64421,Hebrew,843701,4,1,15
540,Dapibus.mp3,60,television,10618,Chinese,691719,5,9,97
541,OrnareConsequatLectus.jpeg,34,phone,88387,Haitian Creole,279660,3,3,206
542,AcNibhFusce.gif,56,phone,6086,Czech,622090,5,14,293
543,SemSedSagittis.mp3,92,television,27077,Croatian,168929,1,13,280
544,SedVestibulum.ppt,53,computer,762,Pashto,323905,2,15,14
545,LeoOdioCondimentum.mp3,79,phone,50462,Tsonga,883294,2,7,142
546,LobortisSapien.tiff,37,television,46547,Bislama,823337,4,6,176
547,AtFeugiat.avi,86,television,64580,Tetum,710534,1,1,189
548,LacusAt.mov,84,computer,95469,Khmer,384724,3,12,73
549,QuisqueId.pdf,40,computer,95127,Thai,966965,2,11,205
550,Phasellus.doc,62,computer,24630,Afrikaans,902790,4,15,65
551,NequeLibero.jpeg,58,television,56982,Albanian,769689,4,2,245
552,ErosElementumPellentesque.ppt,90,television,59621,Burmese,654249,4,3,58
553,Ultrices.ppt,92,phone,75581,Guaraní,835379,2,7,290
554,Sodales.xls,43,phone,66696,Tsonga,53641,5,6,103
555,TellusNisi.txt,66,phone,12565,Burmese,601390,5,2,195
556,Nullam.jpeg,51,computer,26082,Quechua,866454,1,8,71
557,Nisl.tiff,50,phone,79662,Fijian,709502,2,9,269
558,MorbiQuis.mp3,49,television,25273,Marathi,334495,2,10,43
559,Donec.xls,44,computer,15630,Bislama,823100,1,5,64
560,RutrumNeque.mp3,76,computer,37749,Papiamento,188195,5,12,151
561,ScelerisqueQuam.mp3,74,television,12148,Finnish,774083,2,12,200
562,FaucibusOrciLuctus.avi,94,phone,89630,Khmer,671747,5,7,138
563,Amet.gif,87,television,99761,Tok Pisin,302655,2,6,90
564,LectusAliquam.mp3,91,computer,38901,Papiamento,934011,4,9,111
565,PlateaDictumst.jpeg,66,computer,49800,Quechua,650452,5,4,120
566,AFeugiatEt.avi,69,computer,9538,Arabic,785220,5,4,87
567,IdLigulaSuspendisse.mov,72,television,20282,Dutch,609150,3,7,101
568,NecNisiVolutpat.png,43,television,76690,Assamese,163734,3,2,276
569,UltricesPosuere.mp3,59,computer,12545,Tswana,101397,2,11,209
570,ConvallisEget.xls,51,computer,55157,Danish,245266,1,2,156
571,ConsequatDui.mov,58,phone,48560,Romanian,107129,2,6,278
572,Mi.mov,69,computer,68435,Spanish,777341,1,10,248
573,Aliquet.ppt,90,computer,19551,Hungarian,586007,2,13,274
574,TurpisA.gif,81,phone,11607,Japanese,686084,1,8,299
575,Ultrices.gif,40,television,82488,Luxembourgish,589663,5,11,202
576,Massa.mov,78,phone,4855,Fijian,429704,4,6,3
577,Quam.jpeg,88,television,10438,West Frisian,418357,3,8,171
578,Nisi.jpeg,88,television,8505,Guaraní,40165,5,7,70
579,IpsumPrimis.avi,55,phone,36526,Persian,399604,2,9,287
580,InMagna.avi,42,phone,80795,Northern Sotho,914693,4,2,147
581,LuctusEt.ppt,44,computer,96792,Afrikaans,919413,3,1,290
582,Ut.mp3,80,television,38372,Kazakh,401157,1,5,36
583,ALibero.avi,43,phone,81665,Macedonian,328400,3,2,102
584,IdSapien.ppt,81,computer,59561,Zulu,327770,5,2,196
585,TellusNisiEu.ppt,94,television,35422,Thai,540957,2,5,244
586,FaucibusAccumsan.mov,66,computer,56231,New Zealand Sign Language,798015,2,7,34
587,LuctusTinciduntNulla.ppt,48,television,30279,Afrikaans,326504,5,13,73
588,Felis.ppt,61,television,53247,Oriya,162260,5,5,181
589,Justo.ppt,51,phone,91473,Bengali,71347,5,12,65
590,VelNulla.mov,92,computer,50312,Tamil,739751,3,5,55
591,AugueAliquam.ppt,34,phone,57992,Aymara,881000,4,9,77
592,UltricesPhasellusId.mpeg,84,computer,42649,Filipino,53092,1,12,245
593,MaurisVulputateElementum.ppt,93,computer,10359,Dutch,109936,2,1,272
594,Luctus.mp3,53,television,5901,Chinese,303384,4,10,178
595,Nisi.gif,88,phone,40877,Hiri Motu,48644,4,15,111
596,CurabiturConvallis.gif,71,computer,79595,Bengali,784911,3,4,242
597,Sed.avi,64,computer,80908,Portuguese,115974,4,3,78
598,Leo.xls,78,phone,62251,Burmese,419608,2,11,222
599,Mi.xls,80,phone,46350,West Frisian,387766,5,11,58
600,NonummyIntegerNon.txt,78,phone,55730,Icelandic,394383,2,4,230
601,Donec.mov,40,television,67455,Moldovan,581132,3,7,35
602,FusceCongueDiam.xls,62,computer,99748,Portuguese,707303,4,8,49
603,Vitae.mp3,51,phone,38386,Korean,975161,3,14,227
604,At.xls,41,phone,85310,Italian,262770,3,11,22
605,Sollicitudin.xls,98,phone,47907,Gagauz,184951,4,13,263
606,OdioJusto.txt,68,phone,41822,Tajik,495555,5,2,1
607,Odio.gif,64,television,93664,Kannada,165993,5,2,260
608,ElitSodales.ppt,74,computer,49641,Aymara,110740,3,13,198
609,ArcuAdipiscing.ppt,49,phone,92890,Armenian,316410,3,3,215
610,LiberoUt.mp3,87,television,56918,West Frisian,907614,3,2,258
611,DonecUt.ppt,92,television,63254,English,527091,1,9,37
612,PrimisInFaucibus.doc,31,phone,35336,Maltese,45723,1,4,113
613,IdSapienIn.tiff,65,computer,3442,Icelandic,594153,1,3,173
614,EgetEleifend.doc,59,phone,73887,Kazakh,798032,4,13,76
615,Ut.xls,91,phone,16874,Bislama,521103,5,14,275
616,QuamFringilla.xls,75,computer,22595,Kashmiri,914502,2,2,57
617,MolestieLoremQuisque.txt,96,phone,41874,French,297382,1,1,18
618,Convallis.xls,37,computer,47457,Tok Pisin,814529,4,11,71
619,Sit.ppt,95,television,56051,New Zealand Sign Language,486508,1,10,102
620,NecNisi.mp3,66,television,74696,Telugu,492564,5,15,272
621,LectusAliquamSit.xls,41,computer,75542,Telugu,913496,3,12,243
622,In.avi,75,computer,57419,Italian,373742,2,8,157
623,PortaVolutpatQuam.ppt,53,computer,73195,Tsonga,323674,5,4,288
624,Ipsum.avi,43,computer,35628,Indonesian,469252,1,15,238
625,LuctusRutrumNulla.mp3,97,computer,53272,Hebrew,961906,3,2,70
626,VolutpatQuamPede.mov,58,computer,8067,Italian,622506,2,14,200
627,FermentumDonecUt.mp3,89,computer,59638,Gujarati,585102,2,8,144
628,DolorSitAmet.xls,57,phone,70088,Tok Pisin,704551,2,7,234
629,SedMagna.jpeg,73,television,64468,Swahili,31313,5,9,191
630,VestibulumSagittisSapien.mov,69,phone,82539,Kyrgyz,389304,4,3,83
631,NequeAenean.ppt,57,phone,55314,Dhivehi,947157,2,6,116
632,Scelerisque.ppt,94,computer,48405,Dhivehi,915238,2,7,181
633,MolestieHendreritAt.mpeg,74,television,68763,Aymara,149531,1,8,115
634,Tincidunt.txt,39,television,64144,Macedonian,671448,5,12,288
635,PedeLobortis.ppt,67,phone,791,Bengali,838696,4,1,135
636,PraesentBlandit.ppt,92,television,51287,Ndebele,974250,5,13,85
637,LiberoNam.avi,83,phone,57013,French,711228,3,14,99
638,Vestibulum.ppt,61,television,97662,Māori,812850,5,11,122
639,Risus.ppt,41,computer,42515,Georgian,377860,1,14,275
640,Consequat.avi,80,television,36445,Polish,860535,5,15,48
641,EtiamPretiumIaculis.jpeg,74,phone,10727,Hindi,869717,4,1,219
642,Pretium.tiff,91,television,99866,Bulgarian,426534,3,5,242
643,VitaeMattisNibh.mp3,93,computer,29676,Assamese,73296,1,12,76
644,MaurisMorbiNon.avi,35,television,87476,Dzongkha,905740,5,5,90
645,Dictumst.doc,100,television,37733,Swati,605503,3,11,229
646,PosuereCubiliaCurae.avi,39,television,87229,Mongolian,511059,1,7,59
647,DuiVel.mp3,100,computer,84868,Kazakh,965083,2,6,4
648,AugueAliquamErat.ppt,92,phone,63600,Estonian,352447,2,12,62
649,LectusPellentesque.ppt,82,phone,64024,Finnish,71183,3,11,237
650,ElementumPellentesque.xls,97,computer,75352,Marathi,392343,5,9,97
651,Rhoncus.ppt,76,television,97593,Tajik,869560,3,13,122
652,CommodoPlacerat.doc,85,phone,54224,Estonian,588908,3,15,168
653,LigulaSitAmet.tiff,85,phone,86864,Dutch,481040,2,13,150
654,TinciduntEuFelis.xls,68,phone,53045,Bengali,794636,1,3,122
655,Sapien.jpeg,78,phone,43691,Polish,33234,3,9,198
656,Sodales.avi,60,computer,88994,Burmese,777718,4,6,144
657,EtiamJustoEtiam.avi,57,television,28885,Filipino,17423,3,1,216
658,NasceturRidiculusMus.avi,99,phone,50702,Tok Pisin,262297,3,6,170
659,BlanditNonInterdum.mp3,55,computer,61623,Gagauz,234585,5,6,283
660,Rhoncus.ppt,36,phone,57676,Dzongkha,547141,5,4,235
661,RhoncusAliquam.mp3,49,phone,30295,Amharic,849798,2,9,131
662,PurusPhasellus.avi,100,computer,70430,Swedish,447090,1,2,251
663,Lacus.avi,74,computer,40943,German,297478,4,1,146
664,Sed.gif,73,television,19023,Czech,94940,5,9,22
665,NequeAeneanAuctor.gif,30,computer,4746,Kurdish,36244,5,3,175
666,VivamusVel.avi,47,television,25330,Kazakh,233101,3,2,294
667,LigulaSit.ppt,91,computer,90067,Icelandic,730102,1,6,43
668,NonInterdumIn.xls,79,computer,10591,Arabic,275754,2,14,156
669,IaculisJustoIn.mp3,41,computer,46595,Ndebele,359516,4,11,251
670,CubiliaCurae.mpeg,92,television,27910,Catalan,583364,4,3,213
671,Pede.xls,38,television,29372,Zulu,181088,5,2,253
672,Sollicitudin.gif,41,television,88725,Kannada,579534,5,4,95
673,SuspendisseOrnareConsequat.jpeg,77,computer,30765,Thai,907794,1,3,35
674,AcNulla.mp3,42,computer,58831,Albanian,987248,2,4,138
675,UrnaUtTellus.mp3,100,computer,10819,Fijian,319748,4,9,24
676,ConsectetuerAdipiscingElit.jpeg,33,computer,11425,Czech,867020,3,5,137
677,SapienPlaceratAnte.xls,40,phone,4529,Catalan,518214,5,10,93
678,LiberoUtMassa.avi,39,computer,64426,Bislama,814365,1,3,18
679,Semper.xls,71,phone,96303,Malagasy,990734,3,14,256
680,VolutpatEratQuisque.doc,57,computer,8952,Dutch,880663,3,15,65
681,VestibulumRutrum.ppt,81,computer,93718,Icelandic,475352,3,3,274
682,EnimSit.pdf,58,phone,45298,Latvian,945447,1,5,47
683,EstDonecOdio.xls,76,computer,98366,Kannada,127591,4,6,233
684,EtiamFaucibusCursus.jpeg,48,television,8853,Portuguese,625466,3,8,188
685,AmetLobortis.jpeg,95,phone,97991,Luxembourgish,575348,3,15,63
686,Viverra.doc,76,computer,27182,Persian,691342,2,7,30
687,NullaSuspendissePotenti.mp3,74,phone,6784,Tswana,543062,1,5,109
688,Congue.jpeg,87,computer,48009,Māori,574418,4,6,149
689,TristiqueTortorEu.mpeg,83,phone,57557,Assamese,668874,5,15,213
690,JustoInHac.ppt,64,phone,24393,Fijian,846065,3,10,50
691,Ligula.tiff,77,television,71396,Hungarian,827992,1,9,71
692,Praesent.doc,90,television,33341,Swahili,959142,1,1,132
693,Ipsum.jpeg,58,computer,44929,Icelandic,686779,4,9,234
694,BlanditNon.doc,82,television,20564,Khmer,367881,1,2,218
695,CondimentumIdLuctus.xls,90,television,93701,Northern Sotho,919498,1,15,252
696,CurabiturIn.avi,99,computer,50431,Polish,208543,1,13,238
697,ElitSodales.xls,84,computer,82250,Hiri Motu,337226,4,10,174
698,UtNullaSed.xls,67,computer,17548,Korean,41820,3,11,185
699,Felis.jpeg,46,phone,42416,French,230212,1,2,158
700,CursusVestibulumProin.ppt,89,phone,89060,Kazakh,877064,5,9,272
701,EratTortorSollicitudin.doc,88,phone,94353,Tswana,379303,2,9,292
702,Accumsan.xls,100,phone,55755,Arabic,664764,1,7,72
703,NislDuisAc.png,48,computer,95374,Aymara,868883,4,5,255
704,Ac.mp3,73,computer,99345,Kannada,487164,3,6,227
705,Integer.avi,96,computer,35817,Finnish,444373,5,3,89
706,Eget.gif,66,phone,37016,Haitian Creole,227957,1,6,210
707,PlateaDictumstAliquam.ppt,36,television,24140,Indonesian,855971,1,12,73
708,JustoAliquamQuis.xls,65,computer,80190,Pashto,822355,1,8,290
709,SitAmetTurpis.ppt,65,phone,75583,Danish,455554,3,7,35
710,Est.mp3,64,television,56432,Quechua,83438,3,10,278
711,UltricesPhasellus.xls,72,phone,26915,Malay,409766,5,9,273
712,IdMauris.xls,65,phone,37824,Aymara,567217,4,2,63
713,Amet.avi,89,television,40597,Czech,855015,1,1,224
714,Donec.txt,65,computer,87590,Hungarian,869160,3,1,254
715,InFaucibusOrci.xls,37,phone,55995,Gujarati,457759,3,5,99
716,SemSed.mp3,46,computer,53102,Māori,356119,1,9,220
717,Erat.mp3,91,television,6835,Oriya,677458,1,5,40
718,MusEtiam.pdf,52,computer,78516,Thai,984935,1,2,102
719,Vestibulum.tiff,34,computer,16752,Hebrew,670649,1,1,181
720,TortorQuisTurpis.pdf,30,television,36199,Montenegrin,193454,1,11,213
721,Eget.avi,83,computer,74131,Dhivehi,714359,1,4,138
722,PellentesqueViverra.jpeg,67,computer,49276,Lithuanian,48825,4,3,21
723,Odio.mov,99,phone,41335,Kurdish,999777,2,7,227
724,VehiculaCondimentumCurabitur.ppt,61,phone,87534,Filipino,317573,3,15,56
725,AdipiscingElit.gif,52,television,56570,Gujarati,217780,5,15,84
726,NecEuismod.ppt,47,phone,15864,Danish,629306,4,4,272
727,Ligula.jpeg,78,phone,42599,Sotho,376129,1,14,167
728,AliquetMaecenas.tiff,79,phone,92386,Lithuanian,457212,3,5,106
729,Odio.tiff,32,television,48357,Kashmiri,453648,5,12,241
730,Nulla.mp3,69,television,4538,Bengali,939694,1,7,62
731,Cras.avi,97,television,15195,Malay,777684,3,15,98
732,FelisDonecSemper.tiff,37,phone,8187,Papiamento,29232,1,13,34
733,DisParturientMontes.txt,57,computer,78274,Aymara,139750,3,6,202
734,In.ppt,99,computer,53795,Nepali,840594,3,11,156
735,PosuereCubilia.mov,60,phone,59270,Sotho,901230,4,11,120
736,At.avi,86,computer,78411,Norwegian,362025,4,12,217
737,Curabitur.mp3,37,phone,67336,Danish,261915,3,9,236
738,NamUltrices.mp3,58,television,53152,Hiri Motu,656312,1,6,234
739,Semper.jpeg,61,computer,27083,Aymara,774068,5,3,229
740,UtUltrices.avi,95,phone,38603,Finnish,510640,3,4,241
741,Nec.jpeg,80,phone,76593,Nepali,579463,2,1,56
742,Diam.png,66,computer,64058,Haitian Creole,217727,1,5,61
743,MorbiPorttitorLorem.doc,74,computer,23300,Finnish,719658,5,12,118
744,VestibulumProin.ppt,59,television,28237,Kannada,15000,5,15,289
745,Proin.mp3,61,television,74122,Somali,430704,5,14,114
746,DapibusAtDiam.ppt,36,television,86210,Dhivehi,175015,5,7,238
747,Nec.avi,62,television,29654,New Zealand Sign Language,271544,1,10,263
748,TinciduntNullaMollis.tiff,86,television,73225,Bosnian,940825,2,6,203
749,JustoSollicitudin.jpeg,70,computer,54600,Telugu,682246,1,13,260
750,Nisi.mp3,34,computer,92054,Tok Pisin,100317,2,3,184
751,Rhoncus.mp3,79,television,88836,Afrikaans,653924,1,11,168
752,AdipiscingLorem.tiff,70,phone,67479,Catalan,418399,4,3,261
753,JustoSitAmet.mov,40,phone,24068,Polish,995757,3,1,251
754,QuisqueId.jpeg,89,television,64183,Kurdish,363436,3,11,26
755,AliquamEratVolutpat.tiff,75,television,53241,Swahili,773113,3,15,64
756,AmetCursus.mp3,42,television,55845,Swedish,680707,3,3,292
757,FermentumDonecUt.mpeg,77,television,350,Lao,861131,3,13,161
758,ScelerisqueMaurisSit.mp3,45,phone,31191,Luxembourgish,849896,3,1,24
759,MorbiSemMauris.ppt,38,television,68332,Hindi,925426,4,14,132
760,RutrumNulla.avi,97,computer,40459,Telugu,946821,5,8,73
761,QuisTurpisEget.ppt,97,television,84869,Malay,667924,3,14,21
762,SollicitudinUt.mpeg,48,phone,76660,Kashmiri,488066,1,6,137
763,IdJusto.mov,51,phone,67921,Hebrew,653622,5,3,199
764,Luctus.mp3,100,television,59589,Finnish,829047,3,2,102
765,SedVestibulum.ppt,32,television,34575,Gagauz,700081,4,13,101
766,Turpis.avi,48,computer,83180,Nepali,280081,5,9,291
767,Maecenas.ppt,44,television,15384,Amharic,681689,3,10,135
768,SodalesScelerisqueMauris.avi,64,phone,22843,Aymara,995775,1,1,193
769,Eget.avi,54,computer,1026,Malagasy,288075,2,8,5
770,AliquetPulvinarSed.mp3,50,television,34592,Romanian,401321,2,11,231
771,MaurisNonLigula.avi,55,television,61440,Montenegrin,377109,3,4,35
772,PotentiNullamPorttitor.pdf,40,television,54858,Swati,632597,1,4,146
773,DapibusAugue.gif,47,phone,26026,Tok Pisin,427161,4,6,248
774,LobortisEst.xls,80,computer,91099,Papiamento,82680,5,4,213
775,JustoEuMassa.tiff,49,phone,60016,Dzongkha,911098,4,9,120
776,Hac.tiff,58,television,42751,Maltese,528555,4,7,84
777,Massa.png,94,phone,96184,Danish,246788,5,13,204
778,TinciduntInLeo.mp3,70,phone,72635,Bosnian,465638,1,5,66
779,NibhIn.mp3,83,computer,4661,Catalan,439764,4,10,25
780,Feugiat.tiff,48,computer,79062,Bislama,542810,2,8,180
781,Vel.avi,52,computer,94267,Hebrew,573294,1,9,75
782,OrciVehiculaCondimentum.avi,96,television,65808,Hiri Motu,345392,1,7,20
783,In.xls,30,phone,955,Kazakh,549476,1,9,260
784,PretiumNisl.mp3,58,phone,11136,Ndebele,600320,4,8,24
785,EtCommodo.tiff,36,phone,60112,Swedish,972759,5,2,36
786,Mauris.xls,97,television,97758,Dutch,652002,1,7,181
787,NullaIntegerPede.avi,66,television,71172,Indonesian,586061,4,5,286
788,PosuereCubiliaCurae.ppt,39,computer,95143,Gujarati,312961,3,5,281
789,Vel.doc,43,television,47179,Spanish,195308,3,14,239
790,OrciNullam.mp3,63,television,99116,Macedonian,663038,3,11,212
791,DiamNeque.txt,87,television,41262,Albanian,347625,3,9,191
792,Orci.ppt,83,phone,57021,Italian,898772,3,9,7
793,Sapien.xls,67,television,6831,Nepali,127073,4,8,259
794,EstDonecOdio.avi,82,computer,55124,Burmese,136530,1,6,278
795,Integer.ppt,54,phone,61909,Swedish,73476,1,12,174
796,Ut.mp3,38,phone,33934,Hungarian,625719,1,12,254
797,Odio.pdf,65,computer,99874,Armenian,959125,1,2,132
798,NecDuiLuctus.ppt,63,computer,56552,Gagauz,752370,2,10,8
799,VenenatisTurpis.ppt,55,computer,6538,Aymara,843477,5,14,57
800,QuamNecDui.mpeg,82,television,75897,Quechua,175155,3,8,35
801,FelisFuscePosuere.xls,57,television,48232,Malay,888539,3,8,240
802,Elit.mp3,40,television,60339,French,982891,2,10,12
803,In.avi,30,computer,611,Croatian,29357,1,7,1
804,LuctusEt.xls,79,phone,64689,Norwegian,726752,4,2,204
805,Eros.xls,77,computer,45531,French,342959,5,14,137
806,TurpisElementum.avi,50,phone,89997,Guaraní,996596,1,8,212
807,Tincidunt.avi,82,phone,16176,Telugu,498095,2,14,230
808,Nullam.doc,32,television,80108,Czech,950694,4,7,257
809,NonVelitDonec.gif,91,television,28701,English,54921,2,1,129
810,Lobortis.mpeg,64,computer,76074,Burmese,125853,3,8,55
811,TortorEuPede.tiff,77,computer,9525,Oriya,772756,4,15,61
812,ConsequatIn.jpeg,74,television,72269,Hebrew,698558,3,5,3
813,ConsectetuerAdipiscing.ppt,51,phone,47272,Yiddish,6419,5,4,141
814,VulputateLuctusCum.xls,52,phone,50242,Azeri,625939,2,1,181
815,ImperdietNullamOrci.jpeg,61,television,58794,Polish,340794,4,14,10
816,UltricesPosuere.avi,76,computer,60853,Moldovan,459532,2,3,250
817,RutrumRutrumNeque.avi,49,phone,15624,Khmer,494829,4,13,113
818,BlanditLacinia.mov,76,television,37160,Nepali,693296,4,9,155
819,SitAmetJusto.avi,85,television,33567,Tok Pisin,428217,4,13,201
820,DonecVitae.ppt,68,television,52923,Swati,803619,5,3,160
821,SemperInterdumMauris.ppt,64,phone,75946,Zulu,621207,1,5,100
822,MiInPorttitor.jpeg,88,television,34085,Macedonian,851643,4,4,30
823,CuraeDonec.mpeg,97,phone,94791,Belarusian,838328,4,10,158
824,ErosViverra.xls,65,computer,91957,Dari,509862,5,1,143
825,AFeugiat.mov,45,computer,90993,Dhivehi,62510,5,4,204
826,NislDuis.mp3,89,television,69690,Kurdish,658287,4,1,268
827,Lacinia.mpeg,54,computer,24007,Kashmiri,12320,5,12,129
828,BlanditLacinia.avi,86,phone,48321,West Frisian,973660,4,4,52
829,QuisLectusSuspendisse.jpeg,47,television,9632,Czech,225938,2,2,236
830,SuscipitAFeugiat.avi,95,television,54135,Bengali,132935,2,12,300
831,HabitassePlateaDictumst.mov,58,television,43071,Georgian,719429,3,14,102
832,OdioDonec.tiff,30,phone,43366,Spanish,17419,4,3,262
833,TempusVelPede.ppt,43,television,76925,Lithuanian,894134,2,9,95
834,Integer.xls,37,computer,31427,Macedonian,771063,3,4,82
835,NonQuamNec.doc,45,phone,95246,Pashto,934305,5,7,127
836,PosuereCubiliaCurae.pdf,70,computer,22037,Burmese,649695,3,14,286
837,A.mp3,49,television,63393,Bengali,456271,3,9,231
838,CongueVivamusMetus.avi,79,television,87669,Sotho,48191,2,6,15
839,Ultrices.tiff,72,phone,12251,Kyrgyz,145379,1,12,63
840,IdNisl.xls,45,television,64496,German,89545,1,14,69
841,UtAt.ppt,48,television,30896,Italian,142552,1,4,282
842,PurusPhasellusIn.mpeg,57,computer,67514,Albanian,854622,4,7,94
843,Volutpat.gif,57,computer,28723,Afrikaans,307024,5,2,284
844,Justo.mp3,40,television,40903,Czech,980997,2,4,287
845,Libero.png,51,computer,72653,Dhivehi,272003,2,12,267
846,NullaTellus.xls,92,computer,4583,Czech,108193,5,11,47
847,HacHabitasse.mp3,37,computer,32894,Afrikaans,490764,5,11,19
848,Montes.avi,68,television,62778,Korean,856732,2,9,57
849,Suspendisse.pdf,81,computer,5917,Romanian,386840,4,11,65
850,Egestas.tiff,86,television,32029,Malay,572666,1,1,193
851,Tristique.jpeg,62,computer,79712,Finnish,591883,4,9,109
852,MaurisLacinia.ppt,89,phone,90530,Persian,411458,1,11,101
853,DapibusAugueVel.jpeg,39,phone,4148,Italian,943978,2,5,276
854,Vestibulum.jpeg,71,television,89728,Swati,345341,4,14,164
855,UtOdio.mp3,79,phone,51601,New Zealand Sign Language,929778,3,5,14
856,Nunc.avi,39,television,40278,Irish Gaelic,802761,2,14,252
857,ElitSodales.xls,60,television,25302,Hiri Motu,806287,4,8,113
858,LectusSuspendisse.xls,44,phone,33245,Oriya,346349,5,6,156
859,CrasIn.mp3,38,phone,72032,Belarusian,955281,4,14,65
860,Primis.png,56,computer,33010,Chinese,179063,1,11,121
861,NonPretium.xls,73,television,6140,Persian,412905,3,13,280
862,EgestasMetus.doc,82,phone,60290,Mongolian,346013,4,10,167
863,MassaQuisAugue.tiff,65,computer,32734,Estonian,964790,1,2,108
864,PraesentBlanditNam.doc,84,television,84120,Italian,244494,3,3,196
865,SitAmetConsectetuer.png,45,phone,2150,Nepali,26599,4,7,151
866,Sed.mpeg,31,television,88311,Malay,449425,3,10,36
867,Nec.mp3,62,television,12182,Bosnian,837660,2,12,257
868,ViverraDiamVitae.xls,97,computer,67068,Tok Pisin,409361,3,13,246
869,QuamNec.ppt,76,phone,56029,Chinese,49742,5,11,1
870,Sollicitudin.jpeg,59,phone,18114,New Zealand Sign Language,657237,3,2,130
871,Congue.gif,31,computer,98189,Dari,925769,1,14,290
872,Nulla.xls,64,television,96449,Burmese,430653,1,4,60
873,QuisqueErat.ppt,51,phone,91134,Guaraní,787717,2,15,127
874,Nibh.tiff,68,phone,65128,Tetum,888442,2,10,57
875,Maecenas.jpeg,77,computer,45284,Mongolian,936479,5,13,43
876,VestibulumAnte.xls,51,television,46440,Sotho,536861,4,2,232
877,UltricesPosuere.avi,56,computer,193,Indonesian,533220,2,10,143
878,EratQuisque.xls,75,computer,48264,Czech,920427,5,7,277
879,Ut.avi,65,television,41317,Bislama,163771,3,2,177
880,DuisMattisEgestas.png,43,phone,55704,Kazakh,690863,2,9,247
881,NonPretium.xls,54,television,32413,Punjabi,618486,3,9,155
882,Vestibulum.pdf,30,television,327,Filipino,622625,4,15,197
883,PellentesqueViverraPede.mov,89,phone,87479,Portuguese,108434,5,10,64
884,TinciduntNulla.png,86,computer,28096,Catalan,618147,4,9,143
885,QuisqueArcu.avi,73,computer,41023,Bosnian,743063,2,13,288
886,Sem.mov,41,television,40025,Northern Sotho,584705,3,13,257
887,OrciPede.png,46,television,61231,Greek,981682,1,2,296
888,MorbiVel.avi,58,computer,83809,Nepali,363452,1,4,233
889,LoremIpsumDolor.xls,35,phone,21096,Albanian,777642,2,4,268
890,InHac.ppt,45,computer,29383,Haitian Creole,205814,3,8,59
891,MassaTempor.xls,95,computer,52775,Chinese,455109,2,11,13
892,VestibulumAliquetUltrices.pdf,36,television,76001,Assamese,183778,3,1,62
893,LoremIdLigula.avi,70,computer,43719,Tetum,66404,1,4,9
894,ProinLeoOdio.tiff,52,computer,93240,Tswana,798020,4,15,89
895,ConvallisTortor.tiff,77,computer,62821,Korean,488179,3,8,147
896,MaurisNonLigula.xls,72,phone,6949,Bulgarian,137921,3,5,170
897,TurpisElementumLigula.xls,61,television,26175,Dari,775611,1,4,123
898,VestibulumAnteIpsum.xls,46,computer,55377,Fijian,141216,2,6,260
899,PretiumQuis.jpeg,65,phone,28051,Assamese,814322,4,7,149
900,QuamSapienVarius.xls,56,television,90807,Kurdish,181745,3,15,122
901,TempusSemper.jpeg,35,computer,59518,Lithuanian,567985,5,9,211
902,DolorVelEst.avi,43,computer,43417,Georgian,943977,4,14,251
903,EuOrciMauris.xls,98,television,25720,Tajik,87629,3,9,15
904,At.gif,90,television,38759,Japanese,949760,4,13,134
905,ElitSodalesScelerisque.mp3,92,television,77503,Dzongkha,663479,4,4,143
906,MaecenasPulvinarLobortis.gif,40,phone,63308,Montenegrin,554143,1,11,220
907,Morbi.mp3,88,television,38028,Spanish,473719,4,9,220
908,Eu.txt,52,television,73335,Lao,722805,3,14,288
909,Justo.png,43,phone,20447,Afrikaans,430990,5,13,21
910,RutrumRutrumNeque.mpeg,40,television,94819,Kannada,391367,2,12,33
911,OrciNullam.xls,43,phone,50706,Macedonian,286373,1,7,174
912,LoremIpsumDolor.ppt,31,phone,62947,Danish,189282,2,4,195
913,CursusUrna.mp3,48,phone,17491,Irish Gaelic,118856,4,2,172
914,SitAmet.avi,41,computer,23180,Moldovan,406204,4,13,133
915,MagnaAcConsequat.mp3,68,television,56057,Japanese,629057,3,1,249
916,AtVulputate.mp3,95,computer,13139,Tamil,201652,1,4,230
917,NislDuisBibendum.mpeg,95,computer,77106,Burmese,797878,5,5,169
918,Mi.txt,42,computer,80660,Finnish,50141,3,10,39
919,SociisNatoque.ppt,73,phone,73778,Maltese,474499,3,13,80
920,Sapien.pdf,77,phone,90225,Montenegrin,882761,2,4,283
921,In.jpeg,38,television,90761,Oriya,816566,2,15,49
922,MaurisViverra.mp3,30,television,33389,Yiddish,830746,2,5,108
923,Nibh.ppt,56,phone,81083,Catalan,41804,4,2,89
924,Odio.avi,97,computer,85610,Catalan,606818,1,14,295
925,LacusCurabitur.mp3,41,television,6988,Bosnian,459310,3,5,7
926,JustoMorbiUt.xls,60,television,75697,Croatian,470342,4,5,103
927,FelisUt.tiff,80,computer,65936,Montenegrin,460815,5,2,63
928,EratId.tiff,60,computer,61121,Persian,932205,2,9,58
929,EuEstCongue.ppt,52,phone,50935,Bengali,542535,3,11,192
930,SodalesSedTincidunt.xls,63,phone,32836,Swahili,756259,3,1,168
931,SemSed.avi,52,phone,37740,Moldovan,961331,1,9,296
932,Potenti.ppt,77,television,74625,Belarusian,287277,3,5,15
933,DonecVitae.mp3,34,phone,30610,German,204320,1,7,116
934,HabitassePlateaDictumst.mp3,97,television,18011,Somali,551885,2,4,187
935,Odio.ppt,73,television,39411,Burmese,917933,3,10,281
936,NullaNunc.xls,43,computer,16372,Belarusian,775043,2,2,38
937,Vulputate.avi,56,television,44350,Tamil,288795,2,1,134
938,DonecQuis.xls,43,television,66705,Latvian,779067,4,10,100
939,Enim.avi,42,television,6217,Spanish,228936,1,3,98
940,MorbiVel.avi,92,phone,77129,Assamese,199237,3,6,98
941,EratFermentumJusto.ppt,35,computer,94257,Papiamento,334312,3,10,237
942,Vivamus.mp3,98,phone,20977,Icelandic,103382,4,2,216
943,Rutrum.tiff,45,computer,89825,Kyrgyz,791038,4,4,289
944,Vivamus.mp3,60,phone,36622,Thai,828832,4,6,293
945,ConsequatDui.ppt,70,computer,73062,Dhivehi,259624,5,4,257
946,UtUltrices.mp3,56,television,63228,Icelandic,880856,3,4,40
947,Sodales.tiff,54,television,36163,German,396625,2,11,109
948,MorbiVel.txt,70,phone,46112,Tswana,570446,4,3,218
949,DiamNequeVestibulum.png,57,computer,86752,Estonian,874684,1,7,274
950,Dapibus.mp3,81,television,86757,Tswana,778238,3,5,13
951,JustoEuMassa.png,49,television,34277,Italian,757464,2,12,300
952,RhoncusDui.tiff,95,television,89870,Khmer,883887,2,3,142
953,Blandit.tiff,40,computer,87069,Hiri Motu,550372,3,10,193
954,AuctorGravidaSem.doc,63,television,15622,French,277996,3,7,191
955,Ac.tiff,78,phone,72758,Yiddish,107167,4,6,240
956,PlateaDictumstMaecenas.avi,75,phone,97797,Malayalam,45868,2,10,167
957,Suspendisse.avi,38,television,94782,Kannada,144660,2,14,4
958,Ipsum.mp3,77,phone,53410,Norwegian,420527,3,1,147
959,Non.mov,84,television,71755,West Frisian,35354,5,15,244
960,Vitae.mp3,34,television,69326,Sotho,505506,4,11,97
961,DonecQuisOrci.ppt,34,computer,46165,Mongolian,663664,2,10,173
962,NullaSed.jpeg,44,computer,8979,German,296616,5,7,105
963,MagnisDis.avi,100,computer,60585,Malagasy,637508,2,7,99
964,CondimentumNeque.xls,54,phone,4336,Guaraní,753981,4,14,148
965,IntegerANibh.mov,39,phone,95784,Assamese,442837,5,10,59
966,AmetErosSuspendisse.xls,77,television,63683,Punjabi,805368,3,11,280
967,Hac.xls,79,phone,76509,Pashto,365908,5,4,217
968,VestibulumVestibulumAnte.png,56,computer,61010,Māori,292042,4,2,74
969,CondimentumId.avi,63,computer,73828,Aymara,557894,4,14,32
970,VivamusTortorDuis.avi,39,phone,86488,Assamese,216513,3,11,137
971,Maecenas.xls,44,television,23293,Bosnian,402672,2,5,56
972,IntegerPede.jpeg,92,phone,70077,Azeri,96742,3,6,104
973,MaurisNon.avi,33,television,54251,Hindi,703497,1,14,27
974,Eleifend.pdf,36,phone,63873,Tamil,944192,5,3,12
975,CumSociisNatoque.ppt,94,television,41265,Oriya,466614,5,11,92
976,Ut.tiff,41,computer,12415,Mongolian,846550,2,10,217
977,SedAnte.xls,43,computer,71647,Swedish,786075,2,15,110
978,Mus.tiff,66,computer,26778,Moldovan,881834,1,7,84
979,Quisque.ppt,74,television,63636,Mongolian,988723,3,1,94
980,CuraeNulla.ppt,51,computer,84182,Khmer,945889,5,13,171
981,LectusPellentesque.ppt,90,phone,47725,Kashmiri,454588,5,8,19
982,ViverraDiamVitae.tiff,73,phone,54477,Hindi,377148,3,8,240
983,SapienUrnaPretium.png,51,phone,20827,Malayalam,623882,1,14,151
984,MolestieHendrerit.avi,48,television,89673,Romanian,144042,2,7,244
985,DictumstAliquam.jpeg,30,television,39374,Swedish,44560,2,10,279
986,PorttitorPede.xls,50,computer,47815,Bosnian,957194,4,4,271
987,QuisLectus.gif,98,television,25435,Danish,592979,4,2,272
988,Eros.mp3,83,computer,99388,Papiamento,699823,4,6,84
989,PotentiNullamPorttitor.ppt,48,computer,92449,Filipino,634940,2,12,11
990,Velit.avi,69,computer,82010,Estonian,284068,1,14,4
991,Mattis.avi,97,television,83426,Estonian,794823,4,1,147
992,DolorQuisOdio.avi,67,phone,63674,Tok Pisin,160890,5,12,91
993,AcNequeDuis.tiff,75,television,39519,Assamese,687809,3,11,38
994,FaucibusOrci.ppt,53,computer,37168,Oriya,633231,4,15,26
995,AtTurpisA.mp3,45,computer,76371,Belarusian,120537,3,5,218
996,VitaeIpsumAliquam.mp3,90,phone,80996,Bengali,282384,1,9,40
997,Posuere.xls,94,computer,44790,Estonian,617847,2,12,25
998,Non.avi,100,computer,23418,Assamese,31502,3,1,277
999,Ante.doc,99,computer,70229,Croatian,186755,2,12,49
1000,QuamPede.avi,71,television,57363,Japanese,387073,5,9,27
